역명,날짜,광역_수송실적인원,ITX-청춘_수송실적인원
남춘천,2018년 01월 01일,3341,3918
남춘천,2018년 01월 02일,3524,2214
남춘천,2018년 01월 03일,3190,2282
남춘천,2018년 01월 04일,3005,2312
남춘천,2018년 01월 05일,3809,2896
남춘천,2018년 01월 06일,3933,3789
남춘천,2018년 01월 07일,3620,3326
남춘천,2018년 01월 08일,3380,2464
남춘천,2018년 01월 09일,3011,2293
남춘천,2018년 01월 10일,3115,2365
남춘천,2018년 01월 11일,2745,2238
남춘천,2018년 01월 12일,3372,2725
남춘천,2018년 01월 13일,4118,3759
남춘천,2018년 01월 14일,3280,3499
남춘천,2018년 01월 15일,3286,2478
남춘천,2018년 01월 16일,3107,2203
남춘천,2018년 01월 17일,3890,2391
남춘천,2018년 01월 18일,3500,2474
남춘천,2018년 01월 19일,4121,2894
남춘천,2018년 01월 20일,4471,4086
남춘천,2018년 01월 21일,3416,3411
남춘천,2018년 01월 22일,3879,2701
남춘천,2018년 01월 23일,3096,2323
남춘천,2018년 01월 24일,2688,2246
남춘천,2018년 01월 25일,2727,2435
남춘천,2018년 01월 26일,3291,2763
남춘천,2018년 01월 27일,3484,3487
남춘천,2018년 01월 28일,3047,3142
남춘천,2018년 01월 29일,3025,2411
남춘천,2018년 01월 30일,2918,2239
남춘천,2018년 01월 31일,3003,2204
춘천,2018년 01월 01일,2822,3144
춘천,2018년 01월 02일,1925,1443
춘천,2018년 01월 03일,1752,1604
춘천,2018년 01월 04일,1854,1621
춘천,2018년 01월 05일,2194,1953
춘천,2018년 01월 06일,2658,2666
춘천,2018년 01월 07일,2278,2275
춘천,2018년 01월 08일,1909,1685
춘천,2018년 01월 09일,1777,1506
춘천,2018년 01월 10일,1661,1557
춘천,2018년 01월 11일,1591,1554
춘천,2018년 01월 12일,1858,1933
춘천,2018년 01월 13일,2696,2861
춘천,2018년 01월 14일,2450,2669
춘천,2018년 01월 15일,1832,1666
춘천,2018년 01월 16일,1884,1551
춘천,2018년 01월 17일,1816,1552
춘천,2018년 01월 18일,1869,1700
춘천,2018년 01월 19일,2381,2020
춘천,2018년 01월 20일,2781,2986
춘천,2018년 01월 21일,2804,2839
춘천,2018년 01월 22일,1997,1722
춘천,2018년 01월 23일,1657,1518
춘천,2018년 01월 24일,1357,1359
춘천,2018년 01월 25일,1309,1315
춘천,2018년 01월 26일,1653,1833
춘천,2018년 01월 27일,2031,2340
춘천,2018년 01월 28일,1912,2391
춘천,2018년 01월 29일,1655,1578
춘천,2018년 01월 30일,1604,1359
춘천,2018년 01월 31일,1765,1490
남춘천,2018년 02월 01일,3094,2338
남춘천,2018년 02월 02일,4318,2624
남춘천,2018년 02월 03일,3955,3818
남춘천,2018년 02월 04일,2882,3121
남춘천,2018년 02월 05일,2847,2204
남춘천,2018년 02월 06일,2651,1906
남춘천,2018년 02월 07일,3219,2128
남춘천,2018년 02월 08일,3188,2177
남춘천,2018년 02월 09일,3382,2780
남춘천,2018년 02월 10일,3352,3621
남춘천,2018년 02월 11일,2874,2879
남춘천,2018년 02월 12일,3815,2587
남춘천,2018년 02월 13일,3047,2371
남춘천,2018년 02월 14일,3779,2844
남춘천,2018년 02월 15일,3184,2483
남춘천,2018년 02월 16일,3111,3842
남춘천,2018년 02월 17일,3362,4284
남춘천,2018년 02월 18일,3164,4308
남춘천,2018년 02월 19일,3549,2715
남춘천,2018년 02월 20일,3504,2611
남춘천,2018년 02월 21일,3413,2472
남춘천,2018년 02월 22일,4338,2946
남춘천,2018년 02월 23일,4193,3104
남춘천,2018년 02월 24일,4686,4195
남춘천,2018년 02월 25일,3607,3382
남춘천,2018년 02월 26일,3942,2653
남춘천,2018년 02월 27일,4250,2504
남춘천,2018년 02월 28일,4011,2790
춘천,2018년 02월 01일,1819,1564
춘천,2018년 02월 02일,2013,1880
춘천,2018년 02월 03일,2223,2544
춘천,2018년 02월 04일,1959,2232
춘천,2018년 02월 05일,1595,1516
춘천,2018년 02월 06일,1400,1359
춘천,2018년 02월 07일,1488,1310
춘천,2018년 02월 08일,1694,1521
춘천,2018년 02월 09일,1853,2104
춘천,2018년 02월 10일,2138,2476
춘천,2018년 02월 11일,1880,2190
춘천,2018년 02월 12일,1602,1518
춘천,2018년 02월 13일,1701,1606
춘천,2018년 02월 14일,1885,1917
춘천,2018년 02월 15일,1904,1664
춘천,2018년 02월 16일,2661,2977
춘천,2018년 02월 17일,3137,3597
춘천,2018년 02월 18일,2435,2973
춘천,2018년 02월 19일,1985,1755
춘천,2018년 02월 20일,2040,1591
춘천,2018년 02월 21일,2431,1939
춘천,2018년 02월 22일,2161,1927
춘천,2018년 02월 23일,2293,2007
춘천,2018년 02월 24일,2809,3184
춘천,2018년 02월 25일,2426,2470
춘천,2018년 02월 26일,2869,2039
춘천,2018년 02월 27일,2124,1996
춘천,2018년 02월 28일,3112,2045
남춘천,2018년 03월 01일,3685,3041
남춘천,2018년 03월 02일,4985,3181
남춘천,2018년 03월 03일,4401,3954
남춘천,2018년 03월 04일,3190,3152
남춘천,2018년 03월 05일,4199,2412
남춘천,2018년 03월 06일,3926,2149
남춘천,2018년 03월 07일,4535,2225
남춘천,2018년 03월 08일,3945,2498
남춘천,2018년 03월 09일,4854,3274
남춘천,2018년 03월 10일,4753,4294
남춘천,2018년 03월 11일,3807,3474
남춘천,2018년 03월 12일,4684,2344
남춘천,2018년 03월 13일,4035,2245
남춘천,2018년 03월 14일,3875,2306
남춘천,2018년 03월 15일,3862,2557
남춘천,2018년 03월 16일,5362,3544
남춘천,2018년 03월 17일,5806,4540
남춘천,2018년 03월 18일,3704,3563
남춘천,2018년 03월 19일,3889,2452
남춘천,2018년 03월 20일,3699,2213
남춘천,2018년 03월 21일,3585,2269
남춘천,2018년 03월 22일,4727,2503
남춘천,2018년 03월 23일,5427,3387
남춘천,2018년 03월 24일,5331,4681
남춘천,2018년 03월 25일,3834,3586
남춘천,2018년 03월 26일,4118,2420
남춘천,2018년 03월 27일,5084,2239
남춘천,2018년 03월 28일,3842,2243
남춘천,2018년 03월 29일,4289,2548
남춘천,2018년 03월 30일,5547,3211
남춘천,2018년 03월 31일,4791,4162
춘천,2018년 03월 01일,2572,2833
춘천,2018년 03월 02일,2829,2166
춘천,2018년 03월 03일,2922,3193
춘천,2018년 03월 04일,2100,2131
춘천,2018년 03월 05일,2397,1536
춘천,2018년 03월 06일,2667,1534
춘천,2018년 03월 07일,2558,1418
춘천,2018년 03월 08일,2624,1626
춘천,2018년 03월 09일,3060,2221
춘천,2018년 03월 10일,2622,2991
춘천,2018년 03월 11일,2884,2739
춘천,2018년 03월 12일,2654,1597
춘천,2018년 03월 13일,2561,1598
춘천,2018년 03월 14일,2644,1546
춘천,2018년 03월 15일,2526,1646
춘천,2018년 03월 16일,3204,2285
춘천,2018년 03월 17일,3238,3385
춘천,2018년 03월 18일,2853,2749
춘천,2018년 03월 19일,2529,1625
춘천,2018년 03월 20일,2411,1488
춘천,2018년 03월 21일,2167,1428
춘천,2018년 03월 22일,2697,1693
춘천,2018년 03월 23일,3289,2409
춘천,2018년 03월 24일,3269,3125
춘천,2018년 03월 25일,3014,2683
춘천,2018년 03월 26일,2691,1605
춘천,2018년 03월 27일,2678,1635
춘천,2018년 03월 28일,2715,1626
춘천,2018년 03월 29일,2854,1644
춘천,2018년 03월 30일,3436,2339
춘천,2018년 03월 31일,3625,3369
남춘천,2018년 04월 01일,3666,3555
남춘천,2018년 04월 02일,5143,2441
남춘천,2018년 04월 03일,3961,2268
남춘천,2018년 04월 04일,3542,2131
남춘천,2018년 04월 05일,3814,2380
남춘천,2018년 04월 06일,5510,3284
남춘천,2018년 04월 07일,6321,4601
남춘천,2018년 04월 08일,3605,3471
남춘천,2018년 04월 09일,4090,2437
남춘천,2018년 04월 10일,3875,2288
남춘천,2018년 04월 11일,3973,2378
남춘천,2018년 04월 12일,5298,2653
남춘천,2018년 04월 13일,5455,3238
남춘천,2018년 04월 14일,4186,3974
남춘천,2018년 04월 15일,3974,3685
남춘천,2018년 04월 16일,4222,2421
남춘천,2018년 04월 17일,4871,2236
남춘천,2018년 04월 18일,3934,2190
남춘천,2018년 04월 19일,4123,2452
남춘천,2018년 04월 20일,4982,3097
남춘천,2018년 04월 21일,4821,3906
남춘천,2018년 04월 22일,3966,3382
남춘천,2018년 04월 23일,3515,2233
남춘천,2018년 04월 24일,3553,2160
남춘천,2018년 04월 25일,3880,2276
남춘천,2018년 04월 26일,4352,2637
남춘천,2018년 04월 27일,6424,3665
남춘천,2018년 04월 28일,5701,4065
남춘천,2018년 04월 29일,4398,3572
남춘천,2018년 04월 30일,4342,2603
춘천,2018년 04월 01일,2827,2747
춘천,2018년 04월 02일,2799,1620
춘천,2018년 04월 03일,2897,1705
춘천,2018년 04월 04일,2418,1530
춘천,2018년 04월 05일,2441,1574
춘천,2018년 04월 06일,3245,2331
춘천,2018년 04월 07일,3566,3511
춘천,2018년 04월 08일,2843,2660
춘천,2018년 04월 09일,2934,1710
춘천,2018년 04월 10일,2902,1713
춘천,2018년 04월 11일,2681,1667
춘천,2018년 04월 12일,3211,1879
춘천,2018년 04월 13일,3358,2403
춘천,2018년 04월 14일,2711,2963
춘천,2018년 04월 15일,3317,2850
춘천,2018년 04월 16일,3163,1714
춘천,2018년 04월 17일,2975,1653
춘천,2018년 04월 18일,2848,1778
춘천,2018년 04월 19일,3329,1961
춘천,2018년 04월 20일,3149,2275
춘천,2018년 04월 21일,4227,3648
춘천,2018년 04월 22일,2686,2651
춘천,2018년 04월 23일,2059,1535
춘천,2018년 04월 24일,2670,1644
춘천,2018년 04월 25일,2982,1700
춘천,2018년 04월 26일,3361,1951
춘천,2018년 04월 27일,4119,2588
춘천,2018년 04월 28일,4726,3448
춘천,2018년 04월 29일,4315,3354
춘천,2018년 04월 30일,3483,1971
남춘천,2018년 05월 01일,4607,2475
남춘천,2018년 05월 02일,3751,2276
남춘천,2018년 05월 03일,4326,2647
남춘천,2018년 05월 04일,6372,3829
남춘천,2018년 05월 05일,6231,4308
남춘천,2018년 05월 06일,3922,3827
남춘천,2018년 05월 07일,6639,4380
남춘천,2018년 05월 08일,4183,2603
남춘천,2018년 05월 09일,3887,2346
남춘천,2018년 05월 10일,4466,2554
남춘천,2018년 05월 11일,5640,3265
남춘천,2018년 05월 12일,5722,4090
남춘천,2018년 05월 13일,4189,3449
남춘천,2018년 05월 14일,4288,2460
남춘천,2018년 05월 15일,4057,2340
남춘천,2018년 05월 16일,3347,2383
남춘천,2018년 05월 17일,4029,2688
남춘천,2018년 05월 18일,5333,3362
남춘천,2018년 05월 19일,6195,4235
남춘천,2018년 05월 20일,4449,3701
남춘천,2018년 05월 21일,5439,3016
남춘천,2018년 05월 22일,5681,3323
남춘천,2018년 05월 23일,4002,2420
남춘천,2018년 05월 24일,4312,2653
남춘천,2018년 05월 25일,5454,3431
남춘천,2018년 05월 26일,6033,4286
남춘천,2018년 05월 27일,5187,3643
남춘천,2018년 05월 28일,4346,2527
남춘천,2018년 05월 29일,3929,2338
남춘천,2018년 05월 30일,3839,2309
남춘천,2018년 05월 31일,4454,2589
춘천,2018년 05월 01일,4459,2386
춘천,2018년 05월 02일,2289,1544
춘천,2018년 05월 03일,2853,1760
춘천,2018년 05월 04일,4045,2492
춘천,2018년 05월 05일,5643,3870
춘천,2018년 05월 06일,3099,3678
춘천,2018년 05월 07일,5205,3920
춘천,2018년 05월 08일,3092,1875
춘천,2018년 05월 09일,2913,1655
춘천,2018년 05월 10일,3475,1855
춘천,2018년 05월 11일,3889,2392
춘천,2018년 05월 12일,3093,2896
춘천,2018년 05월 13일,3634,2895
춘천,2018년 05월 14일,2988,1793
춘천,2018년 05월 15일,3168,1779
춘천,2018년 05월 16일,2363,1575
춘천,2018년 05월 17일,2360,1828
춘천,2018년 05월 18일,3565,2516
춘천,2018년 05월 19일,4648,3525
춘천,2018년 05월 20일,4311,3783
춘천,2018년 05월 21일,4373,2605
춘천,2018년 05월 22일,4910,3426
춘천,2018년 05월 23일,2825,1729
춘천,2018년 05월 24일,3296,1874
춘천,2018년 05월 25일,3857,2416
춘천,2018년 05월 26일,4433,3362
춘천,2018년 05월 27일,3843,3237
춘천,2018년 05월 28일,3160,1842
춘천,2018년 05월 29일,3036,1775
춘천,2018년 05월 30일,2935,1642
춘천,2018년 05월 31일,3211,1803
남춘천,2018년 06월 01일,5340,3372
남춘천,2018년 06월 02일,5647,4263
남춘천,2018년 06월 03일,3799,3554
남춘천,2018년 06월 04일,4021,2543
남춘천,2018년 06월 05일,4351,2639
남춘천,2018년 06월 06일,4517,2765
남춘천,2018년 06월 07일,5114,2612
남춘천,2018년 06월 08일,4835,3180
남춘천,2018년 06월 09일,4415,3861
남춘천,2018년 06월 10일,3584,3399
남춘천,2018년 06월 11일,4053,2398
남춘천,2018년 06월 12일,5302,2836
남춘천,2018년 06월 13일,3926,2820
남춘천,2018년 06월 14일,3327,2306
남춘천,2018년 06월 15일,4726,2878
남춘천,2018년 06월 16일,4538,3895
남춘천,2018년 06월 17일,4451,3450
남춘천,2018년 06월 18일,3987,2481
남춘천,2018년 06월 19일,3801,2248
남춘천,2018년 06월 20일,3974,2357
남춘천,2018년 06월 21일,4312,2622
남춘천,2018년 06월 22일,5527,3096
남춘천,2018년 06월 23일,4972,4420
남춘천,2018년 06월 24일,3643,3530
남춘천,2018년 06월 25일,3856,2395
남춘천,2018년 06월 26일,2939,2112
남춘천,2018년 06월 27일,3864,2216
남춘천,2018년 06월 28일,3523,2286
남춘천,2018년 06월 29일,4141,2792
남춘천,2018년 06월 30일,4183,3905
춘천,2018년 06월 01일,3697,2490
춘천,2018년 06월 02일,3898,3405
춘천,2018년 06월 03일,3510,3081
춘천,2018년 06월 04일,3022,1804
춘천,2018년 06월 05일,3301,1983
춘천,2018년 06월 06일,4679,3119
춘천,2018년 06월 07일,3000,1802
춘천,2018년 06월 08일,3560,2346
춘천,2018년 06월 09일,3708,3446
춘천,2018년 06월 10일,3048,2753
춘천,2018년 06월 11일,2787,1701
춘천,2018년 06월 12일,3026,1914
춘천,2018년 06월 13일,3894,2557
춘천,2018년 06월 14일,2593,1750
춘천,2018년 06월 15일,3056,2082
춘천,2018년 06월 16일,3755,3055
춘천,2018년 06월 17일,3273,2874
춘천,2018년 06월 18일,2971,1790
춘천,2018년 06월 19일,2938,1777
춘천,2018년 06월 20일,2703,1777
춘천,2018년 06월 21일,2862,1912
춘천,2018년 06월 22일,3163,2241
춘천,2018년 06월 23일,3824,3278
춘천,2018년 06월 24일,3373,2926
춘천,2018년 06월 25일,2533,1715
춘천,2018년 06월 26일,1718,1446
춘천,2018년 06월 27일,1888,1523
춘천,2018년 06월 28일,2082,1547
춘천,2018년 06월 29일,2539,1990
춘천,2018년 06월 30일,2801,2701
남춘천,2018년 07월 01일,3030,3262
남춘천,2018년 07월 02일,3134,2194
남춘천,2018년 07월 03일,3077,2151
남춘천,2018년 07월 04일,3247,2078
남춘천,2018년 07월 05일,3528,2213
남춘천,2018년 07월 06일,4279,2664
남춘천,2018년 07월 07일,5635,4065
남춘천,2018년 07월 08일,3990,3618
남춘천,2018년 07월 09일,3112,2247
남춘천,2018년 07월 10일,3055,2103
남춘천,2018년 07월 11일,3126,2212
남춘천,2018년 07월 12일,4061,2404
남춘천,2018년 07월 13일,4118,2784
남춘천,2018년 07월 14일,4666,3786
남춘천,2018년 07월 15일,3767,3577
남춘천,2018년 07월 16일,3607,2383
남춘천,2018년 07월 17일,3871,2233
남춘천,2018년 07월 18일,3505,2324
남춘천,2018년 07월 19일,3463,2304
남춘천,2018년 07월 20일,4269,2865
남춘천,2018년 07월 21일,4587,3734
남춘천,2018년 07월 22일,4356,3519
남춘천,2018년 07월 23일,3665,2410
남춘천,2018년 07월 24일,3594,2231
남춘천,2018년 07월 25일,3492,2153
남춘천,2018년 07월 26일,3637,2281
남춘천,2018년 07월 27일,4822,2814
남춘천,2018년 07월 28일,4154,3580
남춘천,2018년 07월 29일,4014,3610
남춘천,2018년 07월 30일,3964,2554
남춘천,2018년 07월 31일,3916,2452
춘천,2018년 07월 01일,1954,2321
춘천,2018년 07월 02일,1671,1509
춘천,2018년 07월 03일,1867,1406
춘천,2018년 07월 04일,2109,1428
춘천,2018년 07월 05일,2032,1634
춘천,2018년 07월 06일,3056,2180
춘천,2018년 07월 07일,3591,3113
춘천,2018년 07월 08일,3589,3079
춘천,2018년 07월 09일,1700,1549
춘천,2018년 07월 10일,1879,1565
춘천,2018년 07월 11일,2023,1594
춘천,2018년 07월 12일,2172,1699
춘천,2018년 07월 13일,2706,2088
춘천,2018년 07월 14일,3626,3138
춘천,2018년 07월 15일,3418,3012
춘천,2018년 07월 16일,2157,1726
춘천,2018년 07월 17일,2019,1495
춘천,2018년 07월 18일,2094,1562
춘천,2018년 07월 19일,2123,1568
춘천,2018년 07월 20일,2638,1959
춘천,2018년 07월 21일,3567,2709
춘천,2018년 07월 22일,3269,2701
춘천,2018년 07월 23일,2338,1649
춘천,2018년 07월 24일,2506,1562
춘천,2018년 07월 25일,2289,1547
춘천,2018년 07월 26일,2455,1603
춘천,2018년 07월 27일,2950,1896
춘천,2018년 07월 28일,3441,2583
춘천,2018년 07월 29일,3649,2958
춘천,2018년 07월 30일,2841,1903
춘천,2018년 07월 31일,3179,1885
남춘천,2018년 08월 01일,4166,2444
남춘천,2018년 08월 02일,5091,2374
남춘천,2018년 08월 03일,4909,2571
남춘천,2018년 08월 04일,4700,3728
남춘천,2018년 08월 05일,3899,3487
남춘천,2018년 08월 06일,4028,2446
남춘천,2018년 08월 07일,4529,2211
남춘천,2018년 08월 08일,3711,2205
남춘천,2018년 08월 09일,3623,2177
남춘천,2018년 08월 10일,4306,2739
남춘천,2018년 08월 11일,4638,3594
남춘천,2018년 08월 12일,4777,3326
남춘천,2018년 08월 13일,3859,2392
남춘천,2018년 08월 14일,4177,2410
남춘천,2018년 08월 15일,4244,2811
남춘천,2018년 08월 16일,3774,2268
남춘천,2018년 08월 17일,4811,2606
남춘천,2018년 08월 18일,4566,3701
남춘천,2018년 08월 19일,3826,3425
남춘천,2018년 08월 20일,3799,2349
남춘천,2018년 08월 21일,3496,2220
남춘천,2018년 08월 22일,4183,2262
남춘천,2018년 08월 23일,2957,2045
남춘천,2018년 08월 24일,2938,2381
남춘천,2018년 08월 25일,4741,3833
남춘천,2018년 08월 26일,3833,3591
남춘천,2018년 08월 27일,3819,2363
남춘천,2018년 08월 28일,3225,2030
남춘천,2018년 08월 29일,2916,2014
남춘천,2018년 08월 30일,3548,2283
남춘천,2018년 08월 31일,4720,2900
춘천,2018년 08월 01일,3271,1860
춘천,2018년 08월 02일,3733,1912
춘천,2018년 08월 03일,3915,2209
춘천,2018년 08월 04일,4069,2766
춘천,2018년 08월 05일,3643,2896
춘천,2018년 08월 06일,2650,1788
춘천,2018년 08월 07일,2785,1774
춘천,2018년 08월 08일,2670,1614
춘천,2018년 08월 09일,2630,1578
춘천,2018년 08월 10일,3014,1949
춘천,2018년 08월 11일,3702,2805
춘천,2018년 08월 12일,3565,2844
춘천,2018년 08월 13일,2681,1705
춘천,2018년 08월 14일,2966,1847
춘천,2018년 08월 15일,3894,2516
춘천,2018년 08월 16일,2472,1769
춘천,2018년 08월 17일,2924,2058
춘천,2018년 08월 18일,3503,2888
춘천,2018년 08월 19일,3382,2850
춘천,2018년 08월 20일,2405,1689
춘천,2018년 08월 21일,2120,1607
춘천,2018년 08월 22일,2312,1594
춘천,2018년 08월 23일,1673,1305
춘천,2018년 08월 24일,1546,1511
춘천,2018년 08월 25일,3457,2772
춘천,2018년 08월 26일,3033,2822
춘천,2018년 08월 27일,2194,1532
춘천,2018년 08월 28일,2795,1567
춘천,2018년 08월 29일,2033,1404
춘천,2018년 08월 30일,2786,1489
춘천,2018년 08월 31일,4095,2042
남춘천,2018년 09월 01일,4898,3960
남춘천,2018년 09월 02일,4992,3659
남춘천,2018년 09월 03일,3665,2299
남춘천,2018년 09월 04일,3689,2204
남춘천,2018년 09월 05일,3574,2263
남춘천,2018년 09월 06일,4318,2567
남춘천,2018년 09월 07일,6032,3226
남춘천,2018년 09월 08일,5263,4185
남춘천,2018년 09월 09일,4300,3569
남춘천,2018년 09월 10일,4223,2371
남춘천,2018년 09월 11일,3758,2311
남춘천,2018년 09월 12일,4675,2286
남춘천,2018년 09월 13일,4277,2581
남춘천,2018년 09월 14일,5232,3209
남춘천,2018년 09월 15일,4987,4257
남춘천,2018년 09월 16일,4131,3334
남춘천,2018년 09월 17일,4861,2494
남춘천,2018년 09월 18일,3657,2153
남춘천,2018년 09월 19일,3633,2308
남춘천,2018년 09월 20일,3888,2683
남춘천,2018년 09월 21일,5107,3573
남춘천,2018년 09월 22일,4594,3698
남춘천,2018년 09월 23일,3328,2583
남춘천,2018년 09월 24일,3701,4088
남춘천,2018년 09월 25일,4441,4243
남춘천,2018년 09월 26일,4460,4139
남춘천,2018년 09월 27일,4744,2523
남춘천,2018년 09월 28일,4702,2797
남춘천,2018년 09월 29일,4658,3695
남춘천,2018년 09월 30일,3667,3002
춘천,2018년 09월 01일,4936,3279
춘천,2018년 09월 02일,4829,3119
춘천,2018년 09월 03일,2370,1491
춘천,2018년 09월 04일,2633,1539
춘천,2018년 09월 05일,2813,1509
춘천,2018년 09월 06일,3004,1692
춘천,2018년 09월 07일,3454,2356
춘천,2018년 09월 08일,4072,3321
춘천,2018년 09월 09일,3625,3025
춘천,2018년 09월 10일,2797,1698
춘천,2018년 09월 11일,2793,1658
춘천,2018년 09월 12일,2561,1568
춘천,2018년 09월 13일,3086,1780
춘천,2018년 09월 14일,3371,2346
춘천,2018년 09월 15일,3397,3162
춘천,2018년 09월 16일,2984,2844
춘천,2018년 09월 17일,2815,1711
춘천,2018년 09월 18일,2476,1656
춘천,2018년 09월 19일,2537,1556
춘천,2018년 09월 20일,2410,1719
춘천,2018년 09월 21일,3039,2386
춘천,2018년 09월 22일,3127,2606
춘천,2018년 09월 23일,2423,2113
춘천,2018년 09월 24일,3793,3276
춘천,2018년 09월 25일,5177,4061
춘천,2018년 09월 26일,4527,3515
춘천,2018년 09월 27일,3005,1757
춘천,2018년 09월 28일,3283,2115
춘천,2018년 09월 29일,3764,3017
춘천,2018년 09월 30일,3309,2759
남춘천,2018년 10월 01일,3895,2338
남춘천,2018년 10월 02일,5005,2573
남춘천,2018년 10월 03일,4573,2791
남춘천,2018년 10월 04일,4496,2573
남춘천,2018년 10월 05일,4661,2890
남춘천,2018년 10월 06일,4058,3737
남춘천,2018년 10월 07일,4802,3206
남춘천,2018년 10월 08일,4747,2628
남춘천,2018년 10월 09일,4488,2893
남춘천,2018년 10월 10일,3778,2392
남춘천,2018년 10월 11일,4181,2430
남춘천,2018년 10월 12일,5846,3226
남춘천,2018년 10월 13일,5717,4277
남춘천,2018년 10월 14일,4253,3403
남춘천,2018년 10월 15일,4046,2390
남춘천,2018년 10월 16일,3827,2249
남춘천,2018년 10월 17일,4667,2312
남춘천,2018년 10월 18일,4230,2441
남춘천,2018년 10월 19일,4897,2924
남춘천,2018년 10월 20일,5532,4190
남춘천,2018년 10월 21일,4550,3493
남춘천,2018년 10월 22일,4713,2401
남춘천,2018년 10월 23일,3757,2205
남춘천,2018년 10월 24일,3865,2194
남춘천,2018년 10월 25일,4256,2353
남춘천,2018년 10월 26일,4693,2963
남춘천,2018년 10월 27일,6238,4328
남춘천,2018년 10월 28일,4830,3835
남춘천,2018년 10월 29일,3989,2348
남춘천,2018년 10월 30일,3666,2111
남춘천,2018년 10월 31일,3754,2243
춘천,2018년 10월 01일,2783,1786
춘천,2018년 10월 02일,3095,1870
춘천,2018년 10월 03일,4482,2961
춘천,2018년 10월 04일,3322,1809
춘천,2018년 10월 05일,3221,2342
춘천,2018년 10월 06일,2219,2413
춘천,2018년 10월 07일,3670,3028
춘천,2018년 10월 08일,3577,2213
춘천,2018년 10월 09일,4798,2927
춘천,2018년 10월 10일,2772,1662
춘천,2018년 10월 11일,2952,1811
춘천,2018년 10월 12일,3544,2294
춘천,2018년 10월 13일,4669,3305
춘천,2018년 10월 14일,3986,3282
춘천,2018년 10월 15일,3065,1753
춘천,2018년 10월 16일,3090,2017
춘천,2018년 10월 17일,3036,1715
춘천,2018년 10월 18일,3238,1675
춘천,2018년 10월 19일,3788,2350
춘천,2018년 10월 20일,4920,3340
춘천,2018년 10월 21일,4608,3572
춘천,2018년 10월 22일,3088,1764
춘천,2018년 10월 23일,2856,1690
춘천,2018년 10월 24일,3144,1828
춘천,2018년 10월 25일,3610,1916
춘천,2018년 10월 26일,3113,2291
춘천,2018년 10월 27일,4642,3511
춘천,2018년 10월 28일,5407,4342
춘천,2018년 10월 29일,3151,1777
춘천,2018년 10월 30일,2984,1642
춘천,2018년 10월 31일,2854,1732
남춘천,2018년 11월 01일,4239,2409
남춘천,2018년 11월 02일,5859,3181
남춘천,2018년 11월 03일,5182,4165
남춘천,2018년 11월 04일,4213,3540
남춘천,2018년 11월 05일,3994,2300
남춘천,2018년 11월 06일,3658,2059
남춘천,2018년 11월 07일,4088,2191
남춘천,2018년 11월 08일,3773,2417
남춘천,2018년 11월 09일,4958,3150
남춘천,2018년 11월 10일,4942,4231
남춘천,2018년 11월 11일,3912,3596
남춘천,2018년 11월 12일,4465,2433
남춘천,2018년 11월 13일,3708,2192
남춘천,2018년 11월 14일,3660,2221
남춘천,2018년 11월 15일,4335,2603
남춘천,2018년 11월 16일,5149,3248
남춘천,2018년 11월 17일,5333,4289
남춘천,2018년 11월 18일,4022,3658
남춘천,2018년 11월 19일,3730,2370
남춘천,2018년 11월 20일,3632,2123
남춘천,2018년 11월 21일,3956,2562
남춘천,2018년 11월 22일,4425,2689
남춘천,2018년 11월 23일,4241,3159
남춘천,2018년 11월 24일,5281,4778
남춘천,2018년 11월 25일,3878,3755
남춘천,2018년 11월 26일,3847,2323
남춘천,2018년 11월 27일,4153,2257
남춘천,2018년 11월 28일,3417,2179
남춘천,2018년 11월 29일,4056,2551
남춘천,2018년 11월 30일,4811,3323
춘천,2018년 11월 01일,3096,1925
춘천,2018년 11월 02일,3999,2396
춘천,2018년 11월 03일,4759,3962
춘천,2018년 11월 04일,4059,3482
춘천,2018년 11월 05일,3063,1781
춘천,2018년 11월 06일,2821,1738
춘천,2018년 11월 07일,2549,1551
춘천,2018년 11월 08일,2486,1699
춘천,2018년 11월 09일,3426,2446
춘천,2018년 11월 10일,3685,3326
춘천,2018년 11월 11일,3204,3025
춘천,2018년 11월 12일,2689,1709
춘천,2018년 11월 13일,2722,1622
춘천,2018년 11월 14일,2578,1840
춘천,2018년 11월 15일,2951,1918
춘천,2018년 11월 16일,3384,2580
춘천,2018년 11월 17일,3130,3377
춘천,2018년 11월 18일,2979,3126
춘천,2018년 11월 19일,2645,1731
춘천,2018년 11월 20일,2644,1714
춘천,2018년 11월 21일,2413,1809
춘천,2018년 11월 22일,2610,1816
춘천,2018년 11월 23일,3179,2456
춘천,2018년 11월 24일,3183,3393
춘천,2018년 11월 25일,2525,2805
춘천,2018년 11월 26일,2401,1735
춘천,2018년 11월 27일,2387,1503
춘천,2018년 11월 28일,2403,1622
춘천,2018년 11월 29일,2678,1663
춘천,2018년 11월 30일,3174,2382
남춘천,2018년 12월 01일,4652,4319
남춘천,2018년 12월 02일,4266,3452
남춘천,2018년 12월 03일,3492,2267
남춘천,2018년 12월 04일,3558,2161
남춘천,2018년 12월 05일,3406,2291
남춘천,2018년 12월 06일,4092,2385
남춘천,2018년 12월 07일,4822,3141
남춘천,2018년 12월 08일,4185,3978
남춘천,2018년 12월 09일,3077,3095
남춘천,2018년 12월 10일,3497,2276
남춘천,2018년 12월 11일,3639,2281
남춘천,2018년 12월 12일,3932,2218
남춘천,2018년 12월 13일,3982,2509
남춘천,2018년 12월 14일,4268,2976
남춘천,2018년 12월 15일,4514,4142
남춘천,2018년 12월 16일,3293,3331
남춘천,2018년 12월 17일,4292,2452
남춘천,2018년 12월 18일,3499,2252
남춘천,2018년 12월 19일,3470,2273
남춘천,2018년 12월 20일,3988,2476
남춘천,2018년 12월 21일,4589,3115
남춘천,2018년 12월 22일,5372,4217
남춘천,2018년 12월 23일,3471,3350
남춘천,2018년 12월 24일,4210,2918
남춘천,2018년 12월 25일,3812,3271
남춘천,2018년 12월 26일,4083,2756
남춘천,2018년 12월 27일,3527,2385
남춘천,2018년 12월 28일,3680,2817
남춘천,2018년 12월 29일,3654,3398
남춘천,2018년 12월 30일,3035,2974
남춘천,2018년 12월 31일,3755,2683
춘천,2018년 12월 01일,2919,3217
춘천,2018년 12월 02일,2615,2803
춘천,2018년 12월 03일,2227,1494
춘천,2018년 12월 04일,2282,1431
춘천,2018년 12월 05일,2380,1464
춘천,2018년 12월 06일,2662,1636
춘천,2018년 12월 07일,2712,2250
춘천,2018년 12월 08일,2382,2842
춘천,2018년 12월 09일,2002,2266
춘천,2018년 12월 10일,2285,1562
춘천,2018년 12월 11일,2233,1506
춘천,2018년 12월 12일,2200,1527
춘천,2018년 12월 13일,2185,1650
춘천,2018년 12월 14일,2811,2258
춘천,2018년 12월 15일,2599,2905
춘천,2018년 12월 16일,2247,2482
춘천,2018년 12월 17일,2250,1817
춘천,2018년 12월 18일,2337,1541
춘천,2018년 12월 19일,2315,1598
춘천,2018년 12월 20일,2492,1691
춘천,2018년 12월 21일,2834,2274
춘천,2018년 12월 22일,2785,2941
춘천,2018년 12월 23일,2566,2576
춘천,2018년 12월 24일,2496,2255
춘천,2018년 12월 25일,2438,2535
춘천,2018년 12월 26일,2133,1821
춘천,2018년 12월 27일,1715,1531
춘천,2018년 12월 28일,2026,2028
춘천,2018년 12월 29일,2193,2373
춘천,2018년 12월 30일,1932,2108
춘천,2018년 12월 31일,2282,1922
남춘천,2019년 01월 01일,2833,3076
남춘천,2019년 01월 02일,3375,2240
남춘천,2019년 01월 03일,3113,2145
남춘천,2019년 01월 04일,3810,2690
남춘천,2019년 01월 05일,3715,3456
남춘천,2019년 01월 06일,3130,2930
남춘천,2019년 01월 07일,3814,2263
남춘천,2019년 01월 08일,3202,2167
남춘천,2019년 01월 09일,2980,2162
남춘천,2019년 01월 10일,3263,2172
남춘천,2019년 01월 11일,4005,2799
남춘천,2019년 01월 12일,5146,3853
남춘천,2019년 01월 13일,3457,3264
남춘천,2019년 01월 14일,3258,2224
남춘천,2019년 01월 15일,3165,2213
남춘천,2019년 01월 16일,3251,2138
남춘천,2019년 01월 17일,4038,2187
남춘천,2019년 01월 18일,4073,2843
남춘천,2019년 01월 19일,4361,3768
남춘천,2019년 01월 20일,3219,3400
남춘천,2019년 01월 21일,3378,2330
남춘천,2019년 01월 22일,4260,2179
남춘천,2019년 01월 23일,3237,2293
남춘천,2019년 01월 24일,3356,2359
남춘천,2019년 01월 25일,3796,2864
남춘천,2019년 01월 26일,4043,3789
남춘천,2019년 01월 27일,4060,3214
남춘천,2019년 01월 28일,3316,2258
남춘천,2019년 01월 29일,3124,2156
남춘천,2019년 01월 30일,3235,2236
남춘천,2019년 01월 31일,3085,2199
춘천,2019년 01월 01일,2199,2369
춘천,2019년 01월 02일,1714,1585
춘천,2019년 01월 03일,1939,1489
춘천,2019년 01월 04일,2266,2024
춘천,2019년 01월 05일,2508,2486
춘천,2019년 01월 06일,2167,2306
춘천,2019년 01월 07일,2039,1506
춘천,2019년 01월 08일,1908,1506
춘천,2019년 01월 09일,1716,1533
춘천,2019년 01월 10일,1963,1682
춘천,2019년 01월 11일,2266,1998
춘천,2019년 01월 12일,3013,2875
춘천,2019년 01월 13일,2701,2611
춘천,2019년 01월 14일,1869,1579
춘천,2019년 01월 15일,1881,1643
춘천,2019년 01월 16일,1816,1488
춘천,2019년 01월 17일,1939,1626
춘천,2019년 01월 18일,2306,2086
춘천,2019년 01월 19일,2627,2992
춘천,2019년 01월 20일,2334,2548
춘천,2019년 01월 21일,1858,1636
춘천,2019년 01월 22일,2055,1565
춘천,2019년 01월 23일,1910,1584
춘천,2019년 01월 24일,2000,1667
춘천,2019년 01월 25일,2185,1939
춘천,2019년 01월 26일,2621,2785
춘천,2019년 01월 27일,2245,2475
춘천,2019년 01월 28일,1804,1664
춘천,2019년 01월 29일,1787,1563
춘천,2019년 01월 30일,1793,1498
춘천,2019년 01월 31일,1691,1472
남춘천,2019년 02월 01일,3371,2711
남춘천,2019년 02월 02일,3881,2988
남춘천,2019년 02월 03일,2403,2135
남춘천,2019년 02월 04일,2644,2209
남춘천,2019년 02월 05일,3270,4341
남춘천,2019년 02월 06일,3179,4601
남춘천,2019년 02월 07일,3336,2430
남춘천,2019년 02월 08일,3436,2543
남춘천,2019년 02월 09일,3977,3447
남춘천,2019년 02월 10일,3165,2894
남춘천,2019년 02월 11일,4096,2469
남춘천,2019년 02월 12일,3999,2164
남춘천,2019년 02월 13일,3379,2287
남춘천,2019년 02월 14일,3443,2295
남춘천,2019년 02월 15일,4045,2898
남춘천,2019년 02월 16일,4739,4068
남춘천,2019년 02월 17일,4161,3174
남춘천,2019년 02월 18일,3504,2357
남춘천,2019년 02월 19일,3289,2323
남춘천,2019년 02월 20일,3532,2590
남춘천,2019년 02월 21일,3578,2402
남춘천,2019년 02월 22일,5001,3034
남춘천,2019년 02월 23일,4470,4107
남춘천,2019년 02월 24일,3519,3260
남춘천,2019년 02월 25일,3564,2559
남춘천,2019년 02월 26일,3621,2426
남춘천,2019년 02월 27일,4501,2630
남춘천,2019년 02월 28일,4927,2757
춘천,2019년 02월 01일,1926,1849
춘천,2019년 02월 02일,2019,2238
춘천,2019년 02월 03일,1458,1559
춘천,2019년 02월 04일,2032,1825
춘천,2019년 02월 05일,2974,3395
춘천,2019년 02월 06일,2977,3420
춘천,2019년 02월 07일,1928,1664
춘천,2019년 02월 08일,1860,1772
춘천,2019년 02월 09일,2433,2509
춘천,2019년 02월 10일,2134,2146
춘천,2019년 02월 11일,1994,1750
춘천,2019년 02월 12일,2065,1657
춘천,2019년 02월 13일,2227,1637
춘천,2019년 02월 14일,2102,1618
춘천,2019년 02월 15일,2415,2147
춘천,2019년 02월 16일,2783,3048
춘천,2019년 02월 17일,2346,2497
춘천,2019년 02월 18일,2077,1726
춘천,2019년 02월 19일,2058,1746
춘천,2019년 02월 20일,2391,2002
춘천,2019년 02월 21일,3046,2110
춘천,2019년 02월 22일,2403,2121
춘천,2019년 02월 23일,3236,3315
춘천,2019년 02월 24일,2935,2954
춘천,2019년 02월 25일,2700,1966
춘천,2019년 02월 26일,2924,2093
춘천,2019년 02월 27일,3035,2181
춘천,2019년 02월 28일,3943,2796
남춘천,2019년 03월 01일,5426,3634
남춘천,2019년 03월 02일,5240,3488
남춘천,2019년 03월 03일,3784,3217
남춘천,2019년 03월 04일,4085,2251
남춘천,2019년 03월 05일,3778,1949
남춘천,2019년 03월 06일,3587,2009
남춘천,2019년 03월 07일,4950,2540
남춘천,2019년 03월 08일,5197,3272
남춘천,2019년 03월 09일,4918,4152
남춘천,2019년 03월 10일,3660,3370
남춘천,2019년 03월 11일,4066,2254
남춘천,2019년 03월 12일,4126,2111
남춘천,2019년 03월 13일,3677,2099
남춘천,2019년 03월 14일,4023,2397
남춘천,2019년 03월 15일,4971,3227
남춘천,2019년 03월 16일,4436,4189
남춘천,2019년 03월 17일,4614,3504
남춘천,2019년 03월 18일,3974,2320
남춘천,2019년 03월 19일,3870,2132
남춘천,2019년 03월 20일,3611,2096
남춘천,2019년 03월 21일,3942,2449
남춘천,2019년 03월 22일,5872,3391
남춘천,2019년 03월 23일,4513,3994
남춘천,2019년 03월 24일,4043,3483
남춘천,2019년 03월 25일,3959,2266
남춘천,2019년 03월 26일,3890,2209
남춘천,2019년 03월 27일,4300,2115
남춘천,2019년 03월 28일,4172,2500
남춘천,2019년 03월 29일,5650,3228
남춘천,2019년 03월 30일,4358,3760
남춘천,2019년 03월 31일,3624,3443
춘천,2019년 03월 01일,4583,3655
춘천,2019년 03월 02일,3439,3856
춘천,2019년 03월 03일,2832,2782
춘천,2019년 03월 04일,2724,1560
춘천,2019년 03월 05일,2497,1512
춘천,2019년 03월 06일,2327,1495
춘천,2019년 03월 07일,2922,1580
춘천,2019년 03월 08일,3085,2217
춘천,2019년 03월 09일,3318,3111
춘천,2019년 03월 10일,2719,2474
춘천,2019년 03월 11일,2497,1658
춘천,2019년 03월 12일,2440,1475
춘천,2019년 03월 13일,2399,1465
춘천,2019년 03월 14일,2779,1661
춘천,2019년 03월 15일,3168,2330
춘천,2019년 03월 16일,2805,3191
춘천,2019년 03월 17일,2702,2499
춘천,2019년 03월 18일,2764,1713
춘천,2019년 03월 19일,2599,1559
춘천,2019년 03월 20일,2362,1576
춘천,2019년 03월 21일,2806,1707
춘천,2019년 03월 22일,3429,2351
춘천,2019년 03월 23일,2901,3032
춘천,2019년 03월 24일,2982,2575
춘천,2019년 03월 25일,2480,1642
춘천,2019년 03월 26일,2712,1590
춘천,2019년 03월 27일,2396,1605
춘천,2019년 03월 28일,2720,1696
춘천,2019년 03월 29일,3392,2361
춘천,2019년 03월 30일,2518,2938
춘천,2019년 03월 31일,2717,2637
남춘천,2019년 04월 01일,3902,2363
남춘천,2019년 04월 02일,4538,2153
남춘천,2019년 04월 03일,3553,2252
남춘천,2019년 04월 04일,4100,2562
남춘천,2019년 04월 05일,5297,3200
남춘천,2019년 04월 06일,4943,4038
남춘천,2019년 04월 07일,4682,3424
남춘천,2019년 04월 08일,3966,2386
남춘천,2019년 04월 09일,3667,2248
남춘천,2019년 04월 10일,3501,2156
남춘천,2019년 04월 11일,4228,2593
남춘천,2019년 04월 12일,5864,3254
남춘천,2019년 04월 13일,5322,4229
남춘천,2019년 04월 14일,3674,3080
남춘천,2019년 04월 15일,3935,2469
남춘천,2019년 04월 16일,3718,2216
남춘천,2019년 04월 17일,4724,2344
남춘천,2019년 04월 18일,4163,2547
남춘천,2019년 04월 19일,4532,3097
남춘천,2019년 04월 20일,4822,4123
남춘천,2019년 04월 21일,3631,3239
남춘천,2019년 04월 22일,4830,2370
남춘천,2019년 04월 23일,3630,2217
남춘천,2019년 04월 24일,3567,2245
남춘천,2019년 04월 25일,4070,2593
남춘천,2019년 04월 26일,5055,3250
남춘천,2019년 04월 27일,6837,4318
남춘천,2019년 04월 28일,4144,3381
남춘천,2019년 04월 29일,4012,2413
남춘천,2019년 04월 30일,4170,2617
춘천,2019년 04월 01일,2440,1704
춘천,2019년 04월 02일,2577,1536
춘천,2019년 04월 03일,2452,1565
춘천,2019년 04월 04일,2885,1716
춘천,2019년 04월 05일,3143,2283
춘천,2019년 04월 06일,2781,3171
춘천,2019년 04월 07일,3234,2748
춘천,2019년 04월 08일,2693,1784
춘천,2019년 04월 09일,2610,1715
춘천,2019년 04월 10일,2443,1659
춘천,2019년 04월 11일,2868,1774
춘천,2019년 04월 12일,3252,2467
춘천,2019년 04월 13일,4114,3612
춘천,2019년 04월 14일,2184,2430
춘천,2019년 04월 15일,2845,1818
춘천,2019년 04월 16일,3091,1799
춘천,2019년 04월 17일,2778,1845
춘천,2019년 04월 18일,2888,1871
춘천,2019년 04월 19일,3379,2457
춘천,2019년 04월 20일,4310,3247
춘천,2019년 04월 21일,3357,2803
춘천,2019년 04월 22일,2983,1781
춘천,2019년 04월 23일,2854,1800
춘천,2019년 04월 24일,2625,1714
춘천,2019년 04월 25일,2717,1776
춘천,2019년 04월 26일,3953,2512
춘천,2019년 04월 27일,4595,3240
춘천,2019년 04월 28일,3619,3024
춘천,2019년 04월 29일,2873,1854
춘천,2019년 04월 30일,2988,1894
남춘천,2019년 05월 01일,4210,2543
남춘천,2019년 05월 02일,5415,2798
남춘천,2019년 05월 03일,6160,3718
남춘천,2019년 05월 04일,5842,4189
남춘천,2019년 05월 05일,4527,3543
남춘천,2019년 05월 06일,5127,3926
남춘천,2019년 05월 07일,4885,2523
남춘천,2019년 05월 08일,3862,2341
남춘천,2019년 05월 09일,4346,2706
남춘천,2019년 05월 10일,5901,3290
남춘천,2019년 05월 11일,5669,4012
남춘천,2019년 05월 12일,4841,3478
남춘천,2019년 05월 13일,3865,2394
남춘천,2019년 05월 14일,4016,2316
남춘천,2019년 05월 15일,3827,2385
남춘천,2019년 05월 16일,4568,2674
남춘천,2019년 05월 17일,6484,3401
남춘천,2019년 05월 18일,5803,4219
남춘천,2019년 05월 19일,3901,3497
남춘천,2019년 05월 20일,4097,2463
남춘천,2019년 05월 21일,3768,2213
남춘천,2019년 05월 22일,4661,2357
남춘천,2019년 05월 23일,4378,2594
남춘천,2019년 05월 24일,5401,3340
남춘천,2019년 05월 25일,5311,4353
남춘천,2019년 05월 26일,4263,3595
남춘천,2019년 05월 27일,3951,2386
남춘천,2019년 05월 28일,3756,2204
남춘천,2019년 05월 29일,3888,2205
남춘천,2019년 05월 30일,4349,2701
남춘천,2019년 05월 31일,5109,3200
춘천,2019년 05월 01일,3890,2523
춘천,2019년 05월 02일,3276,2044
춘천,2019년 05월 03일,3999,2620
춘천,2019년 05월 04일,4893,3577
춘천,2019년 05월 05일,4404,3657
춘천,2019년 05월 06일,4858,3959
춘천,2019년 05월 07일,3009,1976
춘천,2019년 05월 08일,2712,1740
춘천,2019년 05월 09일,2932,1854
춘천,2019년 05월 10일,3834,2621
춘천,2019년 05월 11일,4479,3093
춘천,2019년 05월 12일,3852,2996
춘천,2019년 05월 13일,2903,1850
춘천,2019년 05월 14일,2846,1814
춘천,2019년 05월 15일,2707,1770
춘천,2019년 05월 16일,3074,1972
춘천,2019년 05월 17일,3827,2659
춘천,2019년 05월 18일,4312,3688
춘천,2019년 05월 19일,3135,2643
춘천,2019년 05월 20일,2841,1818
춘천,2019년 05월 21일,2927,1762
춘천,2019년 05월 22일,3024,1769
춘천,2019년 05월 23일,3068,1915
춘천,2019년 05월 24일,3962,2547
춘천,2019년 05월 25일,3894,3462
춘천,2019년 05월 26일,3890,2992
춘천,2019년 05월 27일,2334,1602
춘천,2019년 05월 28일,2844,1683
춘천,2019년 05월 29일,2816,1671
춘천,2019년 05월 30일,3160,1767
춘천,2019년 05월 31일,3418,2334
남춘천,2019년 06월 01일,5309,4198
남춘천,2019년 06월 02일,4964,3367
남춘천,2019년 06월 03일,3861,2248
남춘천,2019년 06월 04일,3720,2214
남춘천,2019년 06월 05일,4653,2948
남춘천,2019년 06월 06일,4348,2992
남춘천,2019년 06월 07일,4688,2897
남춘천,2019년 06월 08일,4410,3657
남춘천,2019년 06월 09일,3434,3038
남춘천,2019년 06월 10일,3664,2202
남춘천,2019년 06월 11일,3952,2176
남춘천,2019년 06월 12일,4471,2170
남춘천,2019년 06월 13일,4347,2587
남춘천,2019년 06월 14일,4332,2989
남춘천,2019년 06월 15일,4795,3781
남춘천,2019년 06월 16일,3774,3081
남춘천,2019년 06월 17일,4837,2497
남춘천,2019년 06월 18일,3476,2222
남춘천,2019년 06월 19일,3781,2314
남춘천,2019년 06월 20일,4415,2717
남춘천,2019년 06월 21일,4595,3006
남춘천,2019년 06월 22일,5880,4158
남춘천,2019년 06월 23일,3901,3514
남춘천,2019년 06월 24일,3792,2396
남춘천,2019년 06월 25일,3556,2119
남춘천,2019년 06월 26일,3582,2053
남춘천,2019년 06월 27일,4276,2242
남춘천,2019년 06월 28일,4169,2679
남춘천,2019년 06월 29일,4482,3629
남춘천,2019년 06월 30일,3811,3277
춘천,2019년 06월 01일,3837,3293
춘천,2019년 06월 02일,3476,3014
춘천,2019년 06월 03일,2520,1724
춘천,2019년 06월 04일,2582,1654
춘천,2019년 06월 05일,3063,2005
춘천,2019년 06월 06일,4403,2949
춘천,2019년 06월 07일,2839,2321
춘천,2019년 06월 08일,3844,3207
춘천,2019년 06월 09일,2928,2687
춘천,2019년 06월 10일,2295,1651
춘천,2019년 06월 11일,4118,1753
춘천,2019년 06월 12일,3356,1748
춘천,2019년 06월 13일,3949,1947
춘천,2019년 06월 14일,4150,2342
춘천,2019년 06월 15일,5243,3438
춘천,2019년 06월 16일,4352,2924
춘천,2019년 06월 17일,2913,1881
춘천,2019년 06월 18일,2174,1562
춘천,2019년 06월 19일,2060,1529
춘천,2019년 06월 20일,2395,1631
춘천,2019년 06월 21일,2515,2178
춘천,2019년 06월 22일,3889,3109
춘천,2019년 06월 23일,3466,2946
춘천,2019년 06월 24일,2369,1697
춘천,2019년 06월 25일,2272,1570
춘천,2019년 06월 26일,2073,1512
춘천,2019년 06월 27일,2067,1491
춘천,2019년 06월 28일,2627,2039
춘천,2019년 06월 29일,3064,2675
춘천,2019년 06월 30일,3073,2721
남춘천,2019년 07월 01일,3593,2156
남춘천,2019년 07월 02일,4214,2074
남춘천,2019년 07월 03일,3329,2074
남춘천,2019년 07월 04일,3544,2154
남춘천,2019년 07월 05일,4044,2782
남춘천,2019년 07월 06일,4930,3848
남춘천,2019년 07월 07일,4786,3376
남춘천,2019년 07월 08일,3603,2175
남춘천,2019년 07월 09일,3493,2076
남춘천,2019년 07월 10일,3348,2114
남춘천,2019년 07월 11일,3208,2091
남춘천,2019년 07월 12일,4670,2713
남춘천,2019년 07월 13일,4688,3678
남춘천,2019년 07월 14일,3754,3361
남춘천,2019년 07월 15일,3573,2189
남춘천,2019년 07월 16일,3278,1978
남춘천,2019년 07월 17일,4173,2246
남춘천,2019년 07월 18일,3637,2235
남춘천,2019년 07월 19일,4122,2662
남춘천,2019년 07월 20일,4239,3725
남춘천,2019년 07월 21일,3303,3152
남춘천,2019년 07월 22일,4143,2138
남춘천,2019년 07월 23일,3475,2036
남춘천,2019년 07월 24일,3331,2050
남춘천,2019년 07월 25일,3239,2178
남춘천,2019년 07월 26일,3568,2730
남춘천,2019년 07월 27일,4732,3553
남춘천,2019년 07월 28일,3046,3121
남춘천,2019년 07월 29일,3792,2289
남춘천,2019년 07월 30일,3641,2127
남춘천,2019년 07월 31일,3197,2185
춘천,2019년 07월 01일,2022,1456
춘천,2019년 07월 02일,2123,1458
춘천,2019년 07월 03일,2125,1512
춘천,2019년 07월 04일,2103,1538
춘천,2019년 07월 05일,2572,2034
춘천,2019년 07월 06일,3334,2940
춘천,2019년 07월 07일,3010,2756
춘천,2019년 07월 08일,2037,1586
춘천,2019년 07월 09일,2115,1501
춘천,2019년 07월 10일,1892,1506
춘천,2019년 07월 11일,1788,1436
춘천,2019년 07월 12일,2425,1970
춘천,2019년 07월 13일,3450,3055
춘천,2019년 07월 14일,3138,2674
춘천,2019년 07월 15일,2047,1640
춘천,2019년 07월 16일,1997,1448
춘천,2019년 07월 17일,2004,1570
춘천,2019년 07월 18일,2125,1588
춘천,2019년 07월 19일,2601,1989
춘천,2019년 07월 20일,2655,2788
춘천,2019년 07월 21일,2477,2461
춘천,2019년 07월 22일,2051,1559
춘천,2019년 07월 23일,2039,1585
춘천,2019년 07월 24일,1993,1473
춘천,2019년 07월 25일,1891,1578
춘천,2019년 07월 26일,1946,1994
춘천,2019년 07월 27일,2785,2550
춘천,2019년 07월 28일,2420,2558
춘천,2019년 07월 29일,2512,2004
춘천,2019년 07월 30일,2534,1886
춘천,2019년 07월 31일,2012,1817
남춘천,2019년 08월 01일,3892,2217
남춘천,2019년 08월 02일,5285,2609
남춘천,2019년 08월 03일,4373,3686
남춘천,2019년 08월 04일,3802,3586
남춘천,2019년 08월 05일,3991,2345
남춘천,2019년 08월 06일,3670,2048
남춘천,2019년 08월 07일,3537,2053
남춘천,2019년 08월 08일,3649,2209
남춘천,2019년 08월 09일,4282,2494
남춘천,2019년 08월 10일,4406,3677
남춘천,2019년 08월 11일,3802,3314
남춘천,2019년 08월 12일,3692,2175
남춘천,2019년 08월 13일,3570,2056
남춘천,2019년 08월 14일,3872,2439
남춘천,2019년 08월 15일,3547,2903
남춘천,2019년 08월 16일,3997,2602
남춘천,2019년 08월 17일,5559,3740
남춘천,2019년 08월 18일,3617,3391
남춘천,2019년 08월 19일,3779,2306
남춘천,2019년 08월 20일,3504,2117
남춘천,2019년 08월 21일,3592,2004
남춘천,2019년 08월 22일,4482,2252
남춘천,2019년 08월 23일,4235,2624
남춘천,2019년 08월 24일,4821,3850
남춘천,2019년 08월 25일,3830,3443
남춘천,2019년 08월 26일,3853,2278
남춘천,2019년 08월 27일,4320,2111
남춘천,2019년 08월 28일,3610,2228
남춘천,2019년 08월 29일,3450,2238
남춘천,2019년 08월 30일,4741,2852
남춘천,2019년 08월 31일,4757,4254
춘천,2019년 08월 01일,2850,2092
춘천,2019년 08월 02일,3551,2416
춘천,2019년 08월 03일,4043,3316
춘천,2019년 08월 04일,3449,3134
춘천,2019년 08월 05일,2615,2024
춘천,2019년 08월 06일,2592,1867
춘천,2019년 08월 07일,1874,1593
춘천,2019년 08월 08일,2354,1737
춘천,2019년 08월 09일,2854,2167
춘천,2019년 08월 10일,3168,2881
춘천,2019년 08월 11일,3025,2806
춘천,2019년 08월 12일,1927,1642
춘천,2019년 08월 13일,2240,1646
춘천,2019년 08월 14일,2596,1898
춘천,2019년 08월 15일,2747,2540
춘천,2019년 08월 16일,2508,2073
춘천,2019년 08월 17일,3206,3179
춘천,2019년 08월 18일,3172,3008
춘천,2019년 08월 19일,2311,1737
춘천,2019년 08월 20일,2245,1658
춘천,2019년 08월 21일,2171,1526
춘천,2019년 08월 22일,2270,1663
춘천,2019년 08월 23일,2627,2172
춘천,2019년 08월 24일,3586,3333
춘천,2019년 08월 25일,3111,3050
춘천,2019년 08월 26일,2964,2055
춘천,2019년 08월 27일,2749,1905
춘천,2019년 08월 28일,2681,1889
춘천,2019년 08월 29일,2942,1897
춘천,2019년 08월 30일,3558,2563
춘천,2019년 08월 31일,3712,3290
남춘천,2019년 09월 01일,3848,3469
남춘천,2019년 09월 02일,4615,2311
남춘천,2019년 09월 03일,3468,2180
남춘천,2019년 09월 04일,3161,2093
남춘천,2019년 09월 05일,3709,2395
남춘천,2019년 09월 06일,4387,3051
남춘천,2019년 09월 07일,3060,2685
남춘천,2019년 09월 08일,3137,3033
남춘천,2019년 09월 09일,3606,2309
남춘천,2019년 09월 10일,3170,2299
남춘천,2019년 09월 11일,6302,3896
남춘천,2019년 09월 12일,4445,3225
남춘천,2019년 09월 13일,3745,4161
남춘천,2019년 09월 14일,3882,4608
남춘천,2019년 09월 15일,4099,4537
남춘천,2019년 09월 16일,3812,2502
남춘천,2019년 09월 17일,4477,2231
남춘천,2019년 09월 18일,3786,2267
남춘천,2019년 09월 19일,4162,2602
남춘천,2019년 09월 20일,5203,3346
남춘천,2019년 09월 21일,5146,4406
남춘천,2019년 09월 22일,3625,3158
남춘천,2019년 09월 23일,3764,2423
남춘천,2019년 09월 24일,3684,2204
남춘천,2019년 09월 25일,3613,2274
남춘천,2019년 09월 26일,4098,2739
남춘천,2019년 09월 27일,6243,3280
남춘천,2019년 09월 28일,5635,4265
남춘천,2019년 09월 29일,4383,3505
남춘천,2019년 09월 30일,4079,2418
춘천,2019년 09월 01일,3150,2888
춘천,2019년 09월 02일,2513,1813
춘천,2019년 09월 03일,2473,1702
춘천,2019년 09월 04일,1982,1682
춘천,2019년 09월 05일,2480,1740
춘천,2019년 09월 06일,2905,2730
춘천,2019년 09월 07일,1473,1478
춘천,2019년 09월 08일,2357,2254
춘천,2019년 09월 09일,2188,1639
춘천,2019년 09월 10일,2130,1580
춘천,2019년 09월 11일,4010,2532
춘천,2019년 09월 12일,2759,2319
춘천,2019년 09월 13일,3692,3623
춘천,2019년 09월 14일,4458,4221
춘천,2019년 09월 15일,3430,3336
춘천,2019년 09월 16일,2663,1953
춘천,2019년 09월 17일,2506,1639
춘천,2019년 09월 18일,2419,1661
춘천,2019년 09월 19일,2843,1843
춘천,2019년 09월 20일,3524,2698
춘천,2019년 09월 21일,3319,3469
춘천,2019년 09월 22일,2008,2365
춘천,2019년 09월 23일,2539,1841
춘천,2019년 09월 24일,2620,1813
춘천,2019년 09월 25일,2492,1827
춘천,2019년 09월 26일,2997,2041
춘천,2019년 09월 27일,3492,2607
춘천,2019년 09월 28일,4144,3438
춘천,2019년 09월 29일,3433,3159
춘천,2019년 09월 30일,2748,1881
남춘천,2019년 10월 01일,3618,2211
남춘천,2019년 10월 02일,4977,2956
남춘천,2019년 10월 03일,3816,2923
남춘천,2019년 10월 04일,5046,3050
남춘천,2019년 10월 05일,5031,4103
남춘천,2019년 10월 06일,4063,3386
남춘천,2019년 10월 07일,3898,2318
남춘천,2019년 10월 08일,4622,2749
남춘천,2019년 10월 09일,4544,2868
남춘천,2019년 10월 10일,4049,2579
남춘천,2019년 10월 11일,5083,2439
남춘천,2019년 10월 12일,6292,3319
남춘천,2019년 10월 13일,4125,2783
남춘천,2019년 10월 14일,3865,2347
남춘천,2019년 10월 15일,3721,2210
남춘천,2019년 10월 16일,3513,2240
남춘천,2019년 10월 17일,4978,2424
남춘천,2019년 10월 18일,4652,2969
남춘천,2019년 10월 19일,5218,4285
남춘천,2019년 10월 20일,4516,3450
남춘천,2019년 10월 21일,3915,2319
남춘천,2019년 10월 22일,4527,2194
남춘천,2019년 10월 23일,3610,2187
남춘천,2019년 10월 24일,4141,2445
남춘천,2019년 10월 25일,5164,3347
남춘천,2019년 10월 26일,5956,4363
남춘천,2019년 10월 27일,6147,4143
남춘천,2019년 10월 28일,3919,2408
남춘천,2019년 10월 29일,3873,2173
남춘천,2019년 10월 30일,3738,2275
남춘천,2019년 10월 31일,4300,2553
춘천,2019년 10월 01일,2835,1831
춘천,2019년 10월 02일,2786,2003
춘천,2019년 10월 03일,2808,2484
춘천,2019년 10월 04일,3716,2778
춘천,2019년 10월 05일,3651,3576
춘천,2019년 10월 06일,3525,3251
춘천,2019년 10월 07일,2313,1912
춘천,2019년 10월 08일,3019,2248
춘천,2019년 10월 09일,4345,3233
춘천,2019년 10월 10일,2775,1979
춘천,2019년 10월 11일,3291,1908
춘천,2019년 10월 12일,3989,2684
춘천,2019년 10월 13일,3426,2573
춘천,2019년 10월 14일,2507,1794
춘천,2019년 10월 15일,2819,2266
춘천,2019년 10월 16일,2543,1833
춘천,2019년 10월 17일,2887,1972
춘천,2019년 10월 18일,3436,2411
춘천,2019년 10월 19일,4336,3431
춘천,2019년 10월 20일,4140,3478
춘천,2019년 10월 21일,2811,2036
춘천,2019년 10월 22일,3052,1781
춘천,2019년 10월 23일,2740,1912
춘천,2019년 10월 24일,3226,2116
춘천,2019년 10월 25일,3677,2512
춘천,2019년 10월 26일,4724,3686
춘천,2019년 10월 27일,5829,4308
춘천,2019년 10월 28일,2989,1978
춘천,2019년 10월 29일,2960,1877
춘천,2019년 10월 30일,3141,1894
춘천,2019년 10월 31일,3473,2038
남춘천,2019년 11월 01일,5368,3172
남춘천,2019년 11월 02일,6221,4049
남춘천,2019년 11월 03일,4696,3643
남춘천,2019년 11월 04일,3915,2320
남춘천,2019년 11월 05일,3792,2127
남춘천,2019년 11월 06일,3827,2252
남춘천,2019년 11월 07일,5136,2580
남춘천,2019년 11월 08일,5258,3186
남춘천,2019년 11월 09일,5130,4141
남춘천,2019년 11월 10일,4082,3611
남춘천,2019년 11월 11일,3925,2379
남춘천,2019년 11월 12일,4322,2197
남춘천,2019년 11월 13일,3560,2148
남춘천,2019년 11월 14일,3960,2531
남춘천,2019년 11월 15일,4974,3244
남춘천,2019년 11월 16일,4759,4099
남춘천,2019년 11월 17일,4034,3473
남춘천,2019년 11월 18일,3678,2347
남춘천,2019년 11월 19일,3552,2112
남춘천,2019년 11월 20일,3422,2001
남춘천,2019년 11월 21일,4327,2183
남춘천,2019년 11월 22일,5807,2348
남춘천,2019년 11월 23일,5330,3345
남춘천,2019년 11월 24일,3778,2791
남춘천,2019년 11월 25일,3735,1844
남춘천,2019년 11월 26일,3497,2145
남춘천,2019년 11월 27일,4316,2219
남춘천,2019년 11월 28일,4083,2484
남춘천,2019년 11월 29일,4893,3174
남춘천,2019년 11월 30일,4650,4318
춘천,2019년 11월 01일,3756,2751
춘천,2019년 11월 02일,4575,3772
춘천,2019년 11월 03일,4063,3540
춘천,2019년 11월 04일,3009,2034
춘천,2019년 11월 05일,3085,1879
춘천,2019년 11월 06일,2597,1879
춘천,2019년 11월 07일,3265,2041
춘천,2019년 11월 08일,3598,2663
춘천,2019년 11월 09일,3962,3724
춘천,2019년 11월 10일,2976,3305
춘천,2019년 11월 11일,2537,1914
춘천,2019년 11월 12일,2839,1828
춘천,2019년 11월 13일,2253,1813
춘천,2019년 11월 14일,2998,2104
춘천,2019년 11월 15일,3289,2559
춘천,2019년 11월 16일,3227,3406
춘천,2019년 11월 17일,2395,2783
춘천,2019년 11월 18일,2432,1852
춘천,2019년 11월 19일,2362,1684
춘천,2019년 11월 20일,2293,1517
춘천,2019년 11월 21일,2881,1580
춘천,2019년 11월 22일,3364,1993
춘천,2019년 11월 23일,3288,2663
춘천,2019년 11월 24일,2665,2253
춘천,2019년 11월 25일,2437,1520
춘천,2019년 11월 26일,2616,1700
춘천,2019년 11월 27일,2382,1760
춘천,2019년 11월 28일,3010,1985
춘천,2019년 11월 29일,3018,2472
춘천,2019년 11월 30일,2967,3422
남춘천,2019년 12월 01일,3412,3235
남춘천,2019년 12월 02일,4327,2244
남춘천,2019년 12월 03일,3331,2082
남춘천,2019년 12월 04일,3445,2171
남춘천,2019년 12월 05일,3842,2396
남춘천,2019년 12월 06일,4291,3086
남춘천,2019년 12월 07일,4939,4268
남춘천,2019년 12월 08일,3490,3474
남춘천,2019년 12월 09일,3600,2164
남춘천,2019년 12월 10일,3376,2197
남춘천,2019년 12월 11일,3434,2180
남춘천,2019년 12월 12일,4744,2457
남춘천,2019년 12월 13일,4484,3006
남춘천,2019년 12월 14일,4943,4500
남춘천,2019년 12월 15일,3702,3442
남춘천,2019년 12월 16일,3953,2482
남춘천,2019년 12월 17일,3710,2194
남춘천,2019년 12월 18일,3695,2344
남춘천,2019년 12월 19일,4087,2555
남춘천,2019년 12월 20일,4975,3151
남춘천,2019년 12월 21일,5168,4294
남춘천,2019년 12월 22일,4245,3525
남춘천,2019년 12월 23일,3925,2497
남춘천,2019년 12월 24일,4176,2829
남춘천,2019년 12월 25일,4028,3297
남춘천,2019년 12월 26일,3913,2475
남춘천,2019년 12월 27일,4774,2709
남춘천,2019년 12월 28일,4416,3871
남춘천,2019년 12월 29일,3394,3328
남춘천,2019년 12월 30일,3869,2464
남춘천,2019년 12월 31일,3943,2585
춘천,2019년 12월 01일,2262,2539
춘천,2019년 12월 02일,2471,1763
춘천,2019년 12월 03일,1981,1596
춘천,2019년 12월 04일,2283,1602
춘천,2019년 12월 05일,2283,1755
춘천,2019년 12월 06일,2470,2284
춘천,2019년 12월 07일,2471,3058
춘천,2019년 12월 08일,2241,2403
춘천,2019년 12월 09일,2269,1815
춘천,2019년 12월 10일,2358,1613
춘천,2019년 12월 11일,2326,1797
춘천,2019년 12월 12일,2461,1885
춘천,2019년 12월 13일,2674,2431
춘천,2019년 12월 14일,3022,3169
춘천,2019년 12월 15일,2441,2765
춘천,2019년 12월 16일,2054,1758
춘천,2019년 12월 17일,1785,1690
춘천,2019년 12월 18일,1949,1600
춘천,2019년 12월 19일,1937,1685
춘천,2019년 12월 20일,2429,2264
춘천,2019년 12월 21일,2815,2870
춘천,2019년 12월 22일,2339,2577
춘천,2019년 12월 23일,2131,1877
춘천,2019년 12월 24일,2443,2214
춘천,2019년 12월 25일,2658,2828
춘천,2019년 12월 26일,2017,1877
춘천,2019년 12월 27일,2445,2214
춘천,2019년 12월 28일,2706,2816
춘천,2019년 12월 29일,2213,2500
춘천,2019년 12월 30일,2112,1974
춘천,2019년 12월 31일,2154,2072
남춘천,2020년 01월 01일,2888,2960
남춘천,2020년 01월 02일,3899,2301
남춘천,2020년 01월 03일,3951,2558
남춘천,2020년 01월 04일,4189,3482
남춘천,2020년 01월 05일,3339,3212
남춘천,2020년 01월 06일,3491,2223
남춘천,2020년 01월 07일,3444,2043
남춘천,2020년 01월 08일,3515,2151
남춘천,2020년 01월 09일,3572,2217
남춘천,2020년 01월 10일,4024,2699
남춘천,2020년 01월 11일,4576,3652
남춘천,2020년 01월 12일,4478,3172
남춘천,2020년 01월 13일,3650,2156
남춘천,2020년 01월 14일,3348,2047
남춘천,2020년 01월 15일,3497,2094
남춘천,2020년 01월 16일,3417,2175
남춘천,2020년 01월 17일,4831,2675
남춘천,2020년 01월 18일,4167,3696
남춘천,2020년 01월 19일,3425,2976
남춘천,2020년 01월 20일,3446,2185
남춘천,2020년 01월 21일,3267,2144
남춘천,2020년 01월 22일,3797,2216
남춘천,2020년 01월 23일,3817,2666
남춘천,2020년 01월 24일,3104,2246
남춘천,2020년 01월 25일,3177,3832
남춘천,2020년 01월 26일,3055,3880
남춘천,2020년 01월 27일,3527,3864
남춘천,2020년 01월 28일,3115,2174
남춘천,2020년 01월 29일,2825,1833
남춘천,2020년 01월 30일,2932,1885
남춘천,2020년 01월 31일,3579,2307
춘천,2020년 01월 01일,2139,2284
춘천,2020년 01월 02일,1923,1660
춘천,2020년 01월 03일,2183,1985
춘천,2020년 01월 04일,2600,2762
춘천,2020년 01월 05일,2252,2391
춘천,2020년 01월 06일,1846,1598
춘천,2020년 01월 07일,1468,1420
춘천,2020년 01월 08일,1743,1559
춘천,2020년 01월 09일,2105,1657
춘천,2020년 01월 10일,2293,2157
춘천,2020년 01월 11일,2962,3191
춘천,2020년 01월 12일,2391,2548
춘천,2020년 01월 13일,1921,1636
춘천,2020년 01월 14일,1809,1629
춘천,2020년 01월 15일,1759,1700
춘천,2020년 01월 16일,1981,1666
춘천,2020년 01월 17일,2253,2145
춘천,2020년 01월 18일,2367,2859
춘천,2020년 01월 19일,1967,2243
춘천,2020년 01월 20일,1781,1676
춘천,2020년 01월 21일,1847,1499
춘천,2020년 01월 22일,1673,1551
춘천,2020년 01월 23일,2070,1769
춘천,2020년 01월 24일,1975,1676
춘천,2020년 01월 25일,2566,3089
춘천,2020년 01월 26일,2724,3350
춘천,2020년 01월 27일,2450,2782
춘천,2020년 01월 28일,1773,1545
춘천,2020년 01월 29일,1684,1373
춘천,2020년 01월 30일,1632,1346
춘천,2020년 01월 31일,1862,1724
남춘천,2020년 02월 01일,3013,2470
남춘천,2020년 02월 02일,2917,2180
남춘천,2020년 02월 03일,2933,1726
남춘천,2020년 02월 04일,2753,1613
남춘천,2020년 02월 05일,2470,1571
남춘천,2020년 02월 06일,2402,1555
남춘천,2020년 02월 07일,3319,1912
남춘천,2020년 02월 08일,2923,2334
남춘천,2020년 02월 09일,2389,2319
남춘천,2020년 02월 10일,2879,1774
남춘천,2020년 02월 11일,2969,1741
남춘천,2020년 02월 12일,2898,1704
남춘천,2020년 02월 13일,3012,1721
남춘천,2020년 02월 14일,3505,2361
남춘천,2020년 02월 15일,3383,2841
남춘천,2020년 02월 16일,2714,2644
남춘천,2020년 02월 17일,3588,1969
남춘천,2020년 02월 18일,2942,1771
남춘천,2020년 02월 19일,2947,1789
남춘천,2020년 02월 20일,2960,1787
남춘천,2020년 02월 21일,3145,2138
남춘천,2020년 02월 22일,2590,2067
남춘천,2020년 02월 23일,1547,1817
남춘천,2020년 02월 24일,1898,1348
남춘천,2020년 02월 25일,1443,1061
남춘천,2020년 02월 26일,1703,1060
남춘천,2020년 02월 27일,1661,1086
남춘천,2020년 02월 28일,1634,1266
남춘천,2020년 02월 29일,1353,1003
춘천,2020년 02월 01일,1635,1737
춘천,2020년 02월 02일,1507,1562
춘천,2020년 02월 03일,1527,1323
춘천,2020년 02월 04일,1388,1124
춘천,2020년 02월 05일,1264,1123
춘천,2020년 02월 06일,1223,1090
춘천,2020년 02월 07일,1512,1502
춘천,2020년 02월 08일,1606,1687
춘천,2020년 02월 09일,1544,1501
춘천,2020년 02월 10일,1592,1310
춘천,2020년 02월 11일,1634,1238
춘천,2020년 02월 12일,1399,1158
춘천,2020년 02월 13일,1633,1311
춘천,2020년 02월 14일,1879,1787
춘천,2020년 02월 15일,2021,2148
춘천,2020년 02월 16일,1801,1914
춘천,2020년 02월 17일,1813,1532
춘천,2020년 02월 18일,1571,1247
춘천,2020년 02월 19일,1604,1363
춘천,2020년 02월 20일,1504,1373
춘천,2020년 02월 21일,1532,1459
춘천,2020년 02월 22일,1168,1203
춘천,2020년 02월 23일,1001,1051
춘천,2020년 02월 24일,1041,882
춘천,2020년 02월 25일,780,765
춘천,2020년 02월 26일,929,845
춘천,2020년 02월 27일,864,741
춘천,2020년 02월 28일,883,823
춘천,2020년 02월 29일,778,540
남춘천,2020년 03월 01일,1200,1133
남춘천,2020년 03월 02일,1772,1078
남춘천,2020년 03월 03일,1608,968
남춘천,2020년 03월 04일,1566,1051
남춘천,2020년 03월 05일,1634,1036
남춘천,2020년 03월 06일,1896,1360
남춘천,2020년 03월 07일,1729,1180
남춘천,2020년 03월 08일,1514,1368
남춘천,2020년 03월 09일,1969,1246
남춘천,2020년 03월 10일,1646,1086
남춘천,2020년 03월 11일,1845,1117
남춘천,2020년 03월 12일,1865,1183
남춘천,2020년 03월 13일,1999,1435
남춘천,2020년 03월 14일,1759,1291
남춘천,2020년 03월 15일,1634,1488
남춘천,2020년 03월 16일,1955,1267
남춘천,2020년 03월 17일,1896,1098
남춘천,2020년 03월 18일,1895,1174
남춘천,2020년 03월 19일,1747,1113
남춘천,2020년 03월 20일,2344,1610
남춘천,2020년 03월 21일,2066,1496
남춘천,2020년 03월 22일,2153,1641
남춘천,2020년 03월 23일,2042,1367
남춘천,2020년 03월 24일,1954,1129
남춘천,2020년 03월 25일,2087,1163
남춘천,2020년 03월 26일,2020,1218
남춘천,2020년 03월 27일,2520,1580
남춘천,2020년 03월 28일,2109,1513
남춘천,2020년 03월 29일,1760,1620
남춘천,2020년 03월 30일,2146,1334
남춘천,2020년 03월 31일,1959,1159
춘천,2020년 03월 01일,734,629
춘천,2020년 03월 02일,925,739
춘천,2020년 03월 03일,806,660
춘천,2020년 03월 04일,774,701
춘천,2020년 03월 05일,774,677
춘천,2020년 03월 06일,1023,915
춘천,2020년 03월 07일,1016,724
춘천,2020년 03월 08일,1099,892
춘천,2020년 03월 09일,989,796
춘천,2020년 03월 10일,863,683
춘천,2020년 03월 11일,964,775
춘천,2020년 03월 12일,1022,774
춘천,2020년 03월 13일,1101,979
춘천,2020년 03월 14일,1215,833
춘천,2020년 03월 15일,1042,883
춘천,2020년 03월 16일,970,792
춘천,2020년 03월 17일,945,729
춘천,2020년 03월 18일,1061,794
춘천,2020년 03월 19일,810,748
춘천,2020년 03월 20일,1368,1067
춘천,2020년 03월 21일,1286,953
춘천,2020년 03월 22일,1288,1065
춘천,2020년 03월 23일,1068,816
춘천,2020년 03월 24일,1055,816
춘천,2020년 03월 25일,1128,796
춘천,2020년 03월 26일,986,822
춘천,2020년 03월 27일,1202,1043
춘천,2020년 03월 28일,1308,937
춘천,2020년 03월 29일,1271,1036
춘천,2020년 03월 30일,1104,844
춘천,2020년 03월 31일,1027,768
남춘천,2020년 04월 01일,1876,1170
남춘천,2020년 04월 02일,2111,1183
남춘천,2020년 04월 03일,2469,1554
남춘천,2020년 04월 04일,2063,1485
남춘천,2020년 04월 05일,1768,1775
남춘천,2020년 04월 06일,2210,1393
남춘천,2020년 04월 07일,2348,1175
남춘천,2020년 04월 08일,1959,1243
남춘천,2020년 04월 09일,2075,1272
남춘천,2020년 04월 10일,2507,1765
남춘천,2020년 04월 11일,2263,1719
남춘천,2020년 04월 12일,2180,2018
남춘천,2020년 04월 13일,2312,1449
남춘천,2020년 04월 14일,2339,1498
남춘천,2020년 04월 15일,2095,1315
남춘천,2020년 04월 16일,2230,1414
남춘천,2020년 04월 17일,2461,1689
남춘천,2020년 04월 18일,2626,1842
남춘천,2020년 04월 19일,2124,1974
남춘천,2020년 04월 20일,2301,1558
남춘천,2020년 04월 21일,2167,1321
남춘천,2020년 04월 22일,2457,1373
남춘천,2020년 04월 23일,2212,1393
남춘천,2020년 04월 24일,2729,1968
남춘천,2020년 04월 25일,2899,2149
남춘천,2020년 04월 26일,2608,2129
남춘천,2020년 04월 27일,2906,1701
남춘천,2020년 04월 28일,2441,1535
남춘천,2020년 04월 29일,2890,1961
남춘천,2020년 04월 30일,3076,1980
춘천,2020년 04월 01일,1069,727
춘천,2020년 04월 02일,1093,810
춘천,2020년 04월 03일,1309,1041
춘천,2020년 04월 04일,1367,1064
춘천,2020년 04월 05일,1298,1060
춘천,2020년 04월 06일,1082,889
춘천,2020년 04월 07일,1094,751
춘천,2020년 04월 08일,1089,781
춘천,2020년 04월 09일,1088,833
춘천,2020년 04월 10일,1355,1132
춘천,2020년 04월 11일,1621,1153
춘천,2020년 04월 12일,1393,1179
춘천,2020년 04월 13일,1218,921
춘천,2020년 04월 14일,1240,930
춘천,2020년 04월 15일,1563,966
춘천,2020년 04월 16일,1167,892
춘천,2020년 04월 17일,1211,1041
춘천,2020년 04월 18일,1878,1206
춘천,2020년 04월 19일,1450,1192
춘천,2020년 04월 20일,1114,911
춘천,2020년 04월 21일,1171,878
춘천,2020년 04월 22일,1142,875
춘천,2020년 04월 23일,1207,949
춘천,2020년 04월 24일,1470,1276
춘천,2020년 04월 25일,1945,1391
춘천,2020년 04월 26일,1900,1380
춘천,2020년 04월 27일,1388,1015
춘천,2020년 04월 28일,1409,1012
춘천,2020년 04월 29일,1572,1288
춘천,2020년 04월 30일,2817,1738
남춘천,2020년 05월 01일,3263,2128
남춘천,2020년 05월 02일,3674,2563
남춘천,2020년 05월 03일,2550,2670
남춘천,2020년 05월 04일,2666,2025
남춘천,2020년 05월 05일,2527,2183
남춘천,2020년 05월 06일,2662,1713
남춘천,2020년 05월 07일,3416,1698
남춘천,2020년 05월 08일,3283,2381
남춘천,2020년 05월 09일,2431,2228
남춘천,2020년 05월 10일,2660,2660
남춘천,2020년 05월 11일,2701,1723
남춘천,2020년 05월 12일,2977,1565
남춘천,2020년 05월 13일,2516,1525
남춘천,2020년 05월 14일,2594,1518
남춘천,2020년 05월 15일,2821,2130
남춘천,2020년 05월 16일,2837,2038
남춘천,2020년 05월 17일,3164,2299
남춘천,2020년 05월 18일,2401,1606
남춘천,2020년 05월 19일,2230,1491
남춘천,2020년 05월 20일,2562,1463
남춘천,2020년 05월 21일,2782,1672
남춘천,2020년 05월 22일,3618,2177
남춘천,2020년 05월 23일,3173,2420
남춘천,2020년 05월 24일,2249,2223
남춘천,2020년 05월 25일,2556,1806
남춘천,2020년 05월 26일,2461,1554
남춘천,2020년 05월 27일,3278,1670
남춘천,2020년 05월 28일,2687,1645
남춘천,2020년 05월 29일,3057,2054
남춘천,2020년 05월 30일,3137,2388
남춘천,2020년 05월 31일,2501,2331
춘천,2020년 05월 01일,2813,1864
춘천,2020년 05월 02일,2412,1965
춘천,2020년 05월 03일,2047,2055
춘천,2020년 05월 04일,1727,1517
춘천,2020년 05월 05일,2067,1766
춘천,2020년 05월 06일,1558,1097
춘천,2020년 05월 07일,1584,1140
춘천,2020년 05월 08일,1833,1776
춘천,2020년 05월 09일,1384,1336
춘천,2020년 05월 10일,1852,1657
춘천,2020년 05월 11일,1547,1208
춘천,2020년 05월 12일,1455,1141
춘천,2020년 05월 13일,1456,1036
춘천,2020년 05월 14일,1574,1183
춘천,2020년 05월 15일,1488,1397
춘천,2020년 05월 16일,1696,1374
춘천,2020년 05월 17일,1885,1495
춘천,2020년 05월 18일,1256,1171
춘천,2020년 05월 19일,1175,1014
춘천,2020년 05월 20일,1454,1074
춘천,2020년 05월 21일,1647,1210
춘천,2020년 05월 22일,1823,1587
춘천,2020년 05월 23일,2552,1777
춘천,2020년 05월 24일,1662,1545
춘천,2020년 05월 25일,1550,1225
춘천,2020년 05월 26일,1476,1186
춘천,2020년 05월 27일,1573,1131
춘천,2020년 05월 28일,1621,1180
춘천,2020년 05월 29일,1948,1591
춘천,2020년 05월 30일,2407,1749
춘천,2020년 05월 31일,2134,1748
남춘천,2020년 06월 01일,2588,1643
남춘천,2020년 06월 02일,2812,1432
남춘천,2020년 06월 03일,2583,1510
남춘천,2020년 06월 04일,2474,1584
남춘천,2020년 06월 05일,3069,2170
남춘천,2020년 06월 06일,2968,2094
남춘천,2020년 06월 07일,3108,2574
남춘천,2020년 06월 08일,2373,1693
남춘천,2020년 06월 09일,2437,1476
남춘천,2020년 06월 10일,2536,1514
남춘천,2020년 06월 11일,2366,1474
남춘천,2020년 06월 12일,3405,2089
남춘천,2020년 06월 13일,2894,2177
남춘천,2020년 06월 14일,2336,2357
남춘천,2020년 06월 15일,2598,1775
남춘천,2020년 06월 16일,2526,1538
남춘천,2020년 06월 17일,3120,1518
남춘천,2020년 06월 18일,2479,1614
남춘천,2020년 06월 19일,2973,2103
남춘천,2020년 06월 20일,3027,2254
남춘천,2020년 06월 21일,2509,2484
남춘천,2020년 06월 22일,3360,1855
남춘천,2020년 06월 23일,2872,1758
남춘천,2020년 06월 24일,2604,1644
남춘천,2020년 06월 25일,2816,1908
남춘천,2020년 06월 26일,3313,2337
남춘천,2020년 06월 27일,3867,2499
남춘천,2020년 06월 28일,2639,2689
남춘천,2020년 06월 29일,2808,2001
남춘천,2020년 06월 30일,2494,1721
춘천,2020년 06월 01일,1544,1124
춘천,2020년 06월 02일,1339,1014
춘천,2020년 06월 03일,1430,969
춘천,2020년 06월 04일,1461,1017
춘천,2020년 06월 05일,1786,1568
춘천,2020년 06월 06일,2599,1730
춘천,2020년 06월 07일,2100,1837
춘천,2020년 06월 08일,1464,1125
춘천,2020년 06월 09일,1495,1064
춘천,2020년 06월 10일,1449,1054
춘천,2020년 06월 11일,1307,1088
춘천,2020년 06월 12일,1814,1451
춘천,2020년 06월 13일,2131,1525
춘천,2020년 06월 14일,1907,1690
춘천,2020년 06월 15일,1488,1173
춘천,2020년 06월 16일,1592,1004
춘천,2020년 06월 17일,1427,1047
춘천,2020년 06월 18일,1768,1135
춘천,2020년 06월 19일,1871,1474
춘천,2020년 06월 20일,2242,1715
춘천,2020년 06월 21일,1976,1698
춘천,2020년 06월 22일,1861,1327
춘천,2020년 06월 23일,1809,1200
춘천,2020년 06월 24일,1577,1074
춘천,2020년 06월 25일,1523,1097
춘천,2020년 06월 26일,1801,1514
춘천,2020년 06월 27일,2286,1767
춘천,2020년 06월 28일,2262,1929
춘천,2020년 06월 29일,1548,1243
춘천,2020년 06월 30일,1407,1045
남춘천,2020년 07월 01일,2784,1703
남춘천,2020년 07월 02일,3351,1781
남춘천,2020년 07월 03일,3403,2311
남춘천,2020년 07월 04일,3238,2482
남춘천,2020년 07월 05일,2674,2710
남춘천,2020년 07월 06일,2938,1861
남춘천,2020년 07월 07일,3306,1722
남춘천,2020년 07월 08일,2754,1697
남춘천,2020년 07월 09일,2888,1770
남춘천,2020년 07월 10일,3147,2267
남춘천,2020년 07월 11일,3151,2650
남춘천,2020년 07월 12일,3623,2917
남춘천,2020년 07월 13일,2623,1893
남춘천,2020년 07월 14일,2574,1670
남춘천,2020년 07월 15일,2970,1781
남춘천,2020년 07월 16일,2820,1725
남춘천,2020년 07월 17일,4078,2340
남춘천,2020년 07월 18일,3206,2688
남춘천,2020년 07월 19일,2444,2767
남춘천,2020년 07월 20일,2758,1880
남춘천,2020년 07월 21일,2858,1718
남춘천,2020년 07월 22일,3320,1784
남춘천,2020년 07월 23일,2549,1718
남춘천,2020년 07월 24일,3043,2272
남춘천,2020년 07월 25일,3173,2626
남춘천,2020년 07월 26일,2743,2848
남춘천,2020년 07월 27일,3410,1988
남춘천,2020년 07월 28일,2680,1760
남춘천,2020년 07월 29일,2697,1799
남춘천,2020년 07월 30일,2837,1843
남춘천,2020년 07월 31일,3445,2242
춘천,2020년 07월 01일,1546,1093
춘천,2020년 07월 02일,1632,1121
춘천,2020년 07월 03일,1830,1574
춘천,2020년 07월 04일,2255,1913
춘천,2020년 07월 05일,1967,1933
춘천,2020년 07월 06일,1572,1254
춘천,2020년 07월 07일,1491,1216
춘천,2020년 07월 08일,1593,1151
춘천,2020년 07월 09일,1598,1201
춘천,2020년 07월 10일,1676,1564
춘천,2020년 07월 11일,2187,1923
춘천,2020년 07월 12일,2223,2027
춘천,2020년 07월 13일,1400,1130
춘천,2020년 07월 14일,1471,1158
춘천,2020년 07월 15일,1605,1241
춘천,2020년 07월 16일,1643,1305
춘천,2020년 07월 17일,1985,1678
춘천,2020년 07월 18일,2526,2160
춘천,2020년 07월 19일,1465,1714
춘천,2020년 07월 20일,1429,1212
춘천,2020년 07월 21일,1605,1216
춘천,2020년 07월 22일,1534,1180
춘천,2020년 07월 23일,1298,1200
춘천,2020년 07월 24일,1720,1524
춘천,2020년 07월 25일,2129,1876
춘천,2020년 07월 26일,2258,2173
춘천,2020년 07월 27일,1548,1261
춘천,2020년 07월 28일,1713,1204
춘천,2020년 07월 29일,1459,1152
춘천,2020년 07월 30일,1685,1298
춘천,2020년 07월 31일,2350,1689
남춘천,2020년 08월 01일,3046,2552
남춘천,2020년 08월 02일,2956,2767
남춘천,2020년 08월 03일,2437,1914
남춘천,2020년 08월 04일,2373,1878
남춘천,2020년 08월 05일,2359,1834
남춘천,2020년 08월 06일,2446,1764
남춘천,2020년 08월 07일,3712,2393
남춘천,2020년 08월 08일,3012,2641
남춘천,2020년 08월 09일,2094,2702
남춘천,2020년 08월 10일,2793,2073
남춘천,2020년 08월 11일,2431,1745
남춘천,2020년 08월 12일,3433,1869
남춘천,2020년 08월 13일,2814,1949
남춘천,2020년 08월 14일,3206,2378
남춘천,2020년 08월 15일,2681,2270
남춘천,2020년 08월 16일,2618,2457
남춘천,2020년 08월 17일,3420,2214
남춘천,2020년 08월 18일,2594,1865
남춘천,2020년 08월 19일,2407,1467
남춘천,2020년 08월 20일,2412,1511
남춘천,2020년 08월 21일,2641,1653
남춘천,2020년 08월 22일,2400,1589
남춘천,2020년 08월 23일,1861,1687
남춘천,2020년 08월 24일,2231,1443
남춘천,2020년 08월 25일,1998,1231
남춘천,2020년 08월 26일,1870,1180
남춘천,2020년 08월 27일,1841,1088
남춘천,2020년 08월 28일,2198,1479
남춘천,2020년 08월 29일,1785,1259
남춘천,2020년 08월 30일,1482,1403
남춘천,2020년 08월 31일,1952,1304
춘천,2020년 08월 01일,1938,1830
춘천,2020년 08월 02일,1696,1944
춘천,2020년 08월 03일,1306,1290
춘천,2020년 08월 04일,1393,1201
춘천,2020년 08월 05일,1341,1161
춘천,2020년 08월 06일,1554,1136
춘천,2020년 08월 07일,2170,1553
춘천,2020년 08월 08일,1947,1657
춘천,2020년 08월 09일,1253,1529
춘천,2020년 08월 10일,1510,1322
춘천,2020년 08월 11일,1381,1220
춘천,2020년 08월 12일,1776,1284
춘천,2020년 08월 13일,1647,1355
춘천,2020년 08월 14일,1666,1687
춘천,2020년 08월 15일,1630,1654
춘천,2020년 08월 16일,1901,1898
춘천,2020년 08월 17일,2113,1663
춘천,2020년 08월 18일,1531,1200
춘천,2020년 08월 19일,1460,1111
춘천,2020년 08월 20일,1329,980
춘천,2020년 08월 21일,1312,1118
춘천,2020년 08월 22일,1268,929
춘천,2020년 08월 23일,1335,1105
춘천,2020년 08월 24일,1154,906
춘천,2020년 08월 25일,1098,832
춘천,2020년 08월 26일,997,756
춘천,2020년 08월 27일,861,707
춘천,2020년 08월 28일,1183,918
춘천,2020년 08월 29일,1089,635
춘천,2020년 08월 30일,1074,784
춘천,2020년 08월 31일,1156,823
남춘천,2020년 09월 01일,1914,1051
남춘천,2020년 09월 02일,1908,1085
남춘천,2020년 09월 03일,1577,1074
남춘천,2020년 09월 04일,2380,1497
남춘천,2020년 09월 05일,2068,1352
남춘천,2020년 09월 06일,1727,1608
남춘천,2020년 09월 07일,1765,1264
남춘천,2020년 09월 08일,1874,1234
남춘천,2020년 09월 09일,1956,1223
남춘천,2020년 09월 10일,2067,1194
남춘천,2020년 09월 11일,2590,1759
남춘천,2020년 09월 12일,2472,1508
남춘천,2020년 09월 13일,2132,2067
남춘천,2020년 09월 14일,2191,1506
남춘천,2020년 09월 15일,2103,1304
남춘천,2020년 09월 16일,2052,1341
남춘천,2020년 09월 17일,2777,1413
남춘천,2020년 09월 18일,2679,1897
남춘천,2020년 09월 19일,2636,2213
남춘천,2020년 09월 20일,2258,2250
남춘천,2020년 09월 21일,2517,1633
남춘천,2020년 09월 22일,2937,1483
남춘천,2020년 09월 23일,2341,1452
남춘천,2020년 09월 24일,2261,1516
남춘천,2020년 09월 25일,2693,2033
남춘천,2020년 09월 26일,2520,2080
남춘천,2020년 09월 27일,2904,2127
남춘천,2020년 09월 28일,2505,1765
남춘천,2020년 09월 29일,3481,1615
남춘천,2020년 09월 30일,2484,1517
춘천,2020년 09월 01일,1072,721
춘천,2020년 09월 02일,992,697
춘천,2020년 09월 03일,854,654
춘천,2020년 09월 04일,1462,1089
춘천,2020년 09월 05일,1437,922
춘천,2020년 09월 06일,1211,1103
춘천,2020년 09월 07일,850,757
춘천,2020년 09월 08일,1140,732
춘천,2020년 09월 09일,1165,785
춘천,2020년 09월 10일,1325,871
춘천,2020년 09월 11일,1611,1184
춘천,2020년 09월 12일,1257,914
춘천,2020년 09월 13일,1663,1407
춘천,2020년 09월 14일,1319,1019
춘천,2020년 09월 15일,1297,862
춘천,2020년 09월 16일,1118,868
춘천,2020년 09월 17일,1315,1000
춘천,2020년 09월 18일,1812,1370
춘천,2020년 09월 19일,1963,1459
춘천,2020년 09월 20일,1818,1494
춘천,2020년 09월 21일,1441,1116
춘천,2020년 09월 22일,1434,961
춘천,2020년 09월 23일,1443,1035
춘천,2020년 09월 24일,1401,1039
춘천,2020년 09월 25일,1713,1378
춘천,2020년 09월 26일,1728,1454
춘천,2020년 09월 27일,1506,1384
춘천,2020년 09월 28일,1393,1065
춘천,2020년 09월 29일,1998,1015
춘천,2020년 09월 30일,1560,887
남춘천,2020년 10월 01일,1936,1541
남춘천,2020년 10월 02일,2598,1713
남춘천,2020년 10월 03일,2726,1798
남춘천,2020년 10월 04일,2572,2041
남춘천,2020년 10월 05일,2347,1724
남춘천,2020년 10월 06일,2385,1534
남춘천,2020년 10월 07일,3232,1607
남춘천,2020년 10월 08일,2785,2037
남춘천,2020년 10월 09일,2924,2189
남춘천,2020년 10월 10일,2868,2372
남춘천,2020년 10월 11일,2401,2309
남춘천,2020년 10월 12일,3389,1815
남춘천,2020년 10월 13일,2594,1608
남춘천,2020년 10월 14일,2624,1606
남춘천,2020년 10월 15일,2640,1743
남춘천,2020년 10월 16일,3108,2206
남춘천,2020년 10월 17일,4187,2787
남춘천,2020년 10월 18일,2694,2890
남춘천,2020년 10월 19일,2604,1853
남춘천,2020년 10월 20일,2775,1768
남춘천,2020년 10월 21일,2828,1807
남춘천,2020년 10월 22일,3577,1950
남춘천,2020년 10월 23일,3443,2467
남춘천,2020년 10월 24일,3375,2966
남춘천,2020년 10월 25일,2806,2881
남춘천,2020년 10월 26일,3047,2123
남춘천,2020년 10월 27일,3770,1875
남춘천,2020년 10월 28일,2974,1920
남춘천,2020년 10월 29일,3222,2030
남춘천,2020년 10월 30일,3831,2618
남춘천,2020년 10월 31일,3703,3115
춘천,2020년 10월 01일,1790,1095
춘천,2020년 10월 02일,2340,1323
춘천,2020년 10월 03일,2892,1373
춘천,2020년 10월 04일,2282,1272
춘천,2020년 10월 05일,1500,1139
춘천,2020년 10월 06일,1507,1017
춘천,2020년 10월 07일,1464,1046
춘천,2020년 10월 08일,1788,1382
춘천,2020년 10월 09일,2634,1910
춘천,2020년 10월 10일,2380,2003
춘천,2020년 10월 11일,1971,1747
춘천,2020년 10월 12일,1535,1115
춘천,2020년 10월 13일,1570,1134
춘천,2020년 10월 14일,1641,1198
춘천,2020년 10월 15일,1599,1176
춘천,2020년 10월 16일,1872,1573
춘천,2020년 10월 17일,2468,2078
춘천,2020년 10월 18일,2225,2021
춘천,2020년 10월 19일,1876,1303
춘천,2020년 10월 20일,2251,1428
춘천,2020년 10월 21일,1888,1291
춘천,2020년 10월 22일,2124,1388
춘천,2020년 10월 23일,2241,1801
춘천,2020년 10월 24일,2780,2253
춘천,2020년 10월 25일,2591,2095
춘천,2020년 10월 26일,1961,1317
춘천,2020년 10월 27일,1933,1319
춘천,2020년 10월 28일,1953,1342
춘천,2020년 10월 29일,2128,1361
춘천,2020년 10월 30일,2510,1815
춘천,2020년 10월 31일,3043,2471
남춘천,2020년 11월 01일,2731,2898
남춘천,2020년 11월 02일,3819,2048
남춘천,2020년 11월 03일,2999,1885
남춘천,2020년 11월 04일,2971,1917
남춘천,2020년 11월 05일,3119,2012
남춘천,2020년 11월 06일,3643,2570
남춘천,2020년 11월 07일,4326,3273
남춘천,2020년 11월 08일,3050,2972
남춘천,2020년 11월 09일,3068,2096
남춘천,2020년 11월 10일,3013,1932
남춘천,2020년 11월 11일,-13,1929
남춘천,2020년 11월 12일,3879,1975
남춘천,2020년 11월 13일,3568,2548
남춘천,2020년 11월 14일,3238,2980
남춘천,2020년 11월 15일,2881,2999
남춘천,2020년 11월 16일,2880,1961
남춘천,2020년 11월 17일,3148,1828
남춘천,2020년 11월 18일,2496,1803
남춘천,2020년 11월 19일,2508,1818
남춘천,2020년 11월 20일,3308,2465
남춘천,2020년 11월 21일,2606,2619
남춘천,2020년 11월 22일,2345,2331
남춘천,2020년 11월 23일,2481,1776
남춘천,2020년 11월 24일,2148,1499
남춘천,2020년 11월 25일,2251,1515
남춘천,2020년 11월 26일,2373,1578
남춘천,2020년 11월 27일,2890,1932
남춘천,2020년 11월 28일,2061,1595
남춘천,2020년 11월 29일,1670,1843
남춘천,2020년 11월 30일,2211,1491
춘천,2020년 11월 01일,1832,2031
춘천,2020년 11월 02일,2018,1362
춘천,2020년 11월 03일,1894,1285
춘천,2020년 11월 04일,1720,1280
춘천,2020년 11월 05일,2001,1356
춘천,2020년 11월 06일,2362,1837
춘천,2020년 11월 07일,2382,2218
춘천,2020년 11월 08일,2210,2063
춘천,2020년 11월 09일,1825,1396
춘천,2020년 11월 10일,1785,1302
춘천,2020년 11월 11일,-9,1350
춘천,2020년 11월 12일,1922,1444
춘천,2020년 11월 13일,2282,1744
춘천,2020년 11월 14일,2385,2073
춘천,2020년 11월 15일,2034,2245
춘천,2020년 11월 16일,1784,1371
춘천,2020년 11월 17일,1651,1205
춘천,2020년 11월 18일,1549,1203
춘천,2020년 11월 19일,1333,1084
춘천,2020년 11월 20일,1863,1674
춘천,2020년 11월 21일,1577,1444
춘천,2020년 11월 22일,1277,1518
춘천,2020년 11월 23일,1202,1037
춘천,2020년 11월 24일,1250,1067
춘천,2020년 11월 25일,1301,926
춘천,2020년 11월 26일,1238,1002
춘천,2020년 11월 27일,1532,1162
춘천,2020년 11월 28일,1111,866
춘천,2020년 11월 29일,1010,1008
춘천,2020년 11월 30일,1074,883
남춘천,2020년 12월 01일,1991,1341
남춘천,2020년 12월 02일,2310,1417
남춘천,2020년 12월 03일,2108,1459
남춘천,2020년 12월 04일,2441,1837
남춘천,2020년 12월 05일,1859,1563
남춘천,2020년 12월 06일,1627,1789
남춘천,2020년 12월 07일,2597,1619
남춘천,2020년 12월 08일,2200,1404
남춘천,2020년 12월 09일,2125,1327
남춘천,2020년 12월 10일,2482,1606
남춘천,2020년 12월 11일,2694,1584
남춘천,2020년 12월 12일,2191,1441
남춘천,2020년 12월 13일,1712,1719
남춘천,2020년 12월 14일,2030,1388
남춘천,2020년 12월 15일,1813,1155
남춘천,2020년 12월 16일,1849,1206
남춘천,2020년 12월 17일,2025,1313
남춘천,2020년 12월 18일,2762,1644
남춘천,2020년 12월 19일,1686,1306
남춘천,2020년 12월 20일,1366,1448
남춘천,2020년 12월 21일,1979,1333
남춘천,2020년 12월 22일,2052,1231
남춘천,2020년 12월 23일,1903,1250
남춘천,2020년 12월 24일,2312,1425
남춘천,2020년 12월 25일,1538,1127
남춘천,2020년 12월 26일,1447,1239
남춘천,2020년 12월 27일,1647,1541
남춘천,2020년 12월 28일,2049,1220
남춘천,2020년 12월 29일,1851,1157
남춘천,2020년 12월 30일,1807,1190
남춘천,2020년 12월 31일,2296,1522
춘천,2020년 12월 01일,1076,833
춘천,2020년 12월 02일,1091,811
춘천,2020년 12월 03일,1140,832
춘천,2020년 12월 04일,1350,1149
춘천,2020년 12월 05일,945,842
춘천,2020년 12월 06일,934,974
춘천,2020년 12월 07일,1068,776
춘천,2020년 12월 08일,1019,761
춘천,2020년 12월 09일,1045,753
춘천,2020년 12월 10일,1057,759
춘천,2020년 12월 11일,1484,933
춘천,2020년 12월 12일,1010,780
춘천,2020년 12월 13일,1031,922
춘천,2020년 12월 14일,924,719
춘천,2020년 12월 15일,848,647
춘천,2020년 12월 16일,823,633
춘천,2020년 12월 17일,1022,764
춘천,2020년 12월 18일,1316,879
춘천,2020년 12월 19일,778,625
춘천,2020년 12월 20일,725,691
춘천,2020년 12월 21일,997,783
춘천,2020년 12월 22일,1032,750
춘천,2020년 12월 23일,1008,784
춘천,2020년 12월 24일,1176,918
춘천,2020년 12월 25일,867,609
춘천,2020년 12월 26일,881,630
춘천,2020년 12월 27일,847,851
춘천,2020년 12월 28일,885,736
춘천,2020년 12월 29일,881,650
춘천,2020년 12월 30일,811,727
춘천,2020년 12월 31일,1066,811
남춘천,2021년 01월 01일,1139,922
남춘천,2021년 01월 02일,1556,1197
남춘천,2021년 01월 03일,1452,1777
남춘천,2021년 01월 04일,1891,1186
남춘천,2021년 01월 05일,1821,1085
남춘천,2021년 01월 06일,1742,1114
남춘천,2021년 01월 07일,2033,1222
남춘천,2021년 01월 08일,2031,1437
남춘천,2021년 01월 09일,1600,1243
남춘천,2021년 01월 10일,1434,1539
남춘천,2021년 01월 11일,1938,1270
남춘천,2021년 01월 12일,2134,1215
남춘천,2021년 01월 13일,2209,1315
남춘천,2021년 01월 14일,2124,1291
남춘천,2021년 01월 15일,2555,1407
남춘천,2021년 01월 16일,1986,1468
남춘천,2021년 01월 17일,2005,1785
남춘천,2021년 01월 18일,2486,1365
남춘천,2021년 01월 19일,2030,1309
남춘천,2021년 01월 20일,2172,1330
남춘천,2021년 01월 21일,2079,1332
남춘천,2021년 01월 22일,2845,1471
남춘천,2021년 01월 23일,2115,1717
남춘천,2021년 01월 24일,1978,1885
남춘천,2021년 01월 25일,2370,1374
남춘천,2021년 01월 26일,2136,1320
남춘천,2021년 01월 27일,2764,1318
남춘천,2021년 01월 28일,2366,1320
남춘천,2021년 01월 29일,2504,1446
남춘천,2021년 01월 30일,2132,1859
남춘천,2021년 01월 31일,1919,1809
춘천,2021년 01월 01일,672,471
춘천,2021년 01월 02일,769,659
춘천,2021년 01월 03일,830,922
춘천,2021년 01월 04일,915,698
춘천,2021년 01월 05일,937,664
춘천,2021년 01월 06일,803,636
춘천,2021년 01월 07일,971,687
춘천,2021년 01월 08일,964,757
춘천,2021년 01월 09일,789,580
춘천,2021년 01월 10일,723,767
춘천,2021년 01월 11일,859,711
춘천,2021년 01월 12일,905,672
춘천,2021년 01월 13일,1151,731
춘천,2021년 01월 14일,1006,744
춘천,2021년 01월 15일,1339,851
춘천,2021년 01월 16일,1002,834
춘천,2021년 01월 17일,934,1017
춘천,2021년 01월 18일,1211,790
춘천,2021년 01월 19일,952,730
춘천,2021년 01월 20일,1013,716
춘천,2021년 01월 21일,1076,724
춘천,2021년 01월 22일,1373,832
춘천,2021년 01월 23일,1219,905
춘천,2021년 01월 24일,1280,1062
춘천,2021년 01월 25일,1292,752
춘천,2021년 01월 26일,1090,757
춘천,2021년 01월 27일,1198,781
춘천,2021년 01월 28일,1171,800
춘천,2021년 01월 29일,1212,840
춘천,2021년 01월 30일,1101,1012
춘천,2021년 01월 31일,1164,1109
남춘천,2021년 02월 01일,2258,1297
남춘천,2021년 02월 02일,2443,1268
남춘천,2021년 02월 03일,2172,1250
남춘천,2021년 02월 04일,2270,1317
남춘천,2021년 02월 05일,2653,1417
남춘천,2021년 02월 06일,2177,1869
남춘천,2021년 02월 07일,2507,1823
남춘천,2021년 02월 08일,2411,1355
남춘천,2021년 02월 09일,2251,1337
남춘천,2021년 02월 10일,3018,1517
남춘천,2021년 02월 11일,1974,1341
남춘천,2021년 02월 12일,1612,1599
남춘천,2021년 02월 13일,2394,1952
남춘천,2021년 02월 14일,2448,2197
남춘천,2021년 02월 15일,2367,1722
남춘천,2021년 02월 16일,2197,1655
남춘천,2021년 02월 17일,2393,1566
남춘천,2021년 02월 18일,2170,1569
남춘천,2021년 02월 19일,2677,2022
남춘천,2021년 02월 20일,2677,2254
남춘천,2021년 02월 21일,2301,2132
남춘천,2021년 02월 22일,3211,1875
남춘천,2021년 02월 23일,2450,1624
남춘천,2021년 02월 24일,2549,1648
남춘천,2021년 02월 25일,2492,1797
남춘천,2021년 02월 26일,2914,2142
남춘천,2021년 02월 27일,3571,2601
남춘천,2021년 02월 28일,2515,2364
춘천,2021년 02월 01일,1119,800
춘천,2021년 02월 02일,968,751
춘천,2021년 02월 03일,1048,797
춘천,2021년 02월 04일,1271,818
춘천,2021년 02월 05일,1387,870
춘천,2021년 02월 06일,1143,1003
춘천,2021년 02월 07일,1084,1018
춘천,2021년 02월 08일,1226,802
춘천,2021년 02월 09일,1165,790
춘천,2021년 02월 10일,1507,884
춘천,2021년 02월 11일,1150,613
춘천,2021년 02월 12일,1115,946
춘천,2021년 02월 13일,2107,1267
춘천,2021년 02월 14일,1610,1203
춘천,2021년 02월 15일,1157,1008
춘천,2021년 02월 16일,1130,1020
춘천,2021년 02월 17일,1152,921
춘천,2021년 02월 18일,1106,918
춘천,2021년 02월 19일,1408,1306
춘천,2021년 02월 20일,1512,1361
춘천,2021년 02월 21일,1365,1350
춘천,2021년 02월 22일,1437,1052
춘천,2021년 02월 23일,1344,1082
춘천,2021년 02월 24일,1447,1198
춘천,2021년 02월 25일,1349,1161
춘천,2021년 02월 26일,1706,1435
춘천,2021년 02월 27일,2016,1734
춘천,2021년 02월 28일,1993,1981
남춘천,2021년 03월 01일,2120,2427
남춘천,2021년 03월 02일,2898,1890
남춘천,2021년 03월 03일,2566,1632
남춘천,2021년 03월 04일,2713,1767
남춘천,2021년 03월 05일,3438,2411
남춘천,2021년 03월 06일,2830,2565
남춘천,2021년 03월 07일,3232,2305
남춘천,2021년 03월 08일,2748,1752
남춘천,2021년 03월 09일,2665,1591
남춘천,2021년 03월 10일,2631,1657
남춘천,2021년 03월 11일,2777,1902
남춘천,2021년 03월 12일,3914,2483
남춘천,2021년 03월 13일,2943,2572
남춘천,2021년 03월 14일,2593,2694
남춘천,2021년 03월 15일,2658,1864
남춘천,2021년 03월 16일,2538,1692
남춘천,2021년 03월 17일,3420,1694
남춘천,2021년 03월 18일,2863,1909
남춘천,2021년 03월 19일,3539,2509
남춘천,2021년 03월 20일,2708,2506
남춘천,2021년 03월 21일,2617,2633
남춘천,2021년 03월 22일,3185,1860
남춘천,2021년 03월 23일,2570,1660
남춘천,2021년 03월 24일,2780,1760
남춘천,2021년 03월 25일,2801,1928
남춘천,2021년 03월 26일,3761,2516
남춘천,2021년 03월 27일,3255,2772
남춘천,2021년 03월 28일,2316,2523
남춘천,2021년 03월 29일,2732,1857
남춘천,2021년 03월 30일,2532,1731
남춘천,2021년 03월 31일,2851,1677
춘천,2021년 03월 01일,1113,1471
춘천,2021년 03월 02일,1729,1118
춘천,2021년 03월 03일,1644,1055
춘천,2021년 03월 04일,1722,1202
춘천,2021년 03월 05일,1906,1510
춘천,2021년 03월 06일,1671,1446
춘천,2021년 03월 07일,1520,1424
춘천,2021년 03월 08일,1754,1096
춘천,2021년 03월 09일,1718,1065
춘천,2021년 03월 10일,1670,1097
춘천,2021년 03월 11일,1839,1335
춘천,2021년 03월 12일,1963,1593
춘천,2021년 03월 13일,1956,1663
춘천,2021년 03월 14일,1766,1612
춘천,2021년 03월 15일,1673,1127
춘천,2021년 03월 16일,1577,1002
춘천,2021년 03월 17일,1573,1147
춘천,2021년 03월 18일,1740,1308
춘천,2021년 03월 19일,2184,1622
춘천,2021년 03월 20일,1521,1472
춘천,2021년 03월 21일,1600,1664
춘천,2021년 03월 22일,1651,1103
춘천,2021년 03월 23일,1669,1150
춘천,2021년 03월 24일,1662,1099
춘천,2021년 03월 25일,1838,1262
춘천,2021년 03월 26일,2254,1672
춘천,2021년 03월 27일,1468,1427
춘천,2021년 03월 28일,1206,1468
춘천,2021년 03월 29일,1628,1148
춘천,2021년 03월 30일,1729,1110
춘천,2021년 03월 31일,1826,1153
남춘천,2021년 04월 01일,2837,1949
남춘천,2021년 04월 02일,4364,2474
남춘천,2021년 04월 03일,2450,2668
남춘천,2021년 04월 04일,2271,2553
남춘천,2021년 04월 05일,2831,1845
남춘천,2021년 04월 06일,2706,1784
남춘천,2021년 04월 07일,3401,1861
남춘천,2021년 04월 08일,2782,1896
남춘천,2021년 04월 09일,3370,2383
남춘천,2021년 04월 10일,3163,2763
남춘천,2021년 04월 11일,2857,2846
남춘천,2021년 04월 12일,2839,1798
남춘천,2021년 04월 13일,2493,1691
남춘천,2021년 04월 14일,2696,1656
남춘천,2021년 04월 15일,2788,1766
남춘천,2021년 04월 16일,3018,2290
남춘천,2021년 04월 17일,3667,2595
남춘천,2021년 04월 18일,2559,2750
남춘천,2021년 04월 19일,2793,1886
남춘천,2021년 04월 20일,3008,1895
남춘천,2021년 04월 21일,2973,1834
남춘천,2021년 04월 22일,4134,2243
남춘천,2021년 04월 23일,3563,2502
남춘천,2021년 04월 24일,2962,2783
남춘천,2021년 04월 25일,2806,2824
남춘천,2021년 04월 26일,3091,2081
남춘천,2021년 04월 27일,3692,1813
남춘천,2021년 04월 28일,2913,1783
남춘천,2021년 04월 29일,2925,2028
남춘천,2021년 04월 30일,3708,2462
춘천,2021년 04월 01일,1790,1370
춘천,2021년 04월 02일,2177,1625
춘천,2021년 04월 03일,1454,1485
춘천,2021년 04월 04일,1518,1634
춘천,2021년 04월 05일,1731,1196
춘천,2021년 04월 06일,1722,1119
춘천,2021년 04월 07일,1676,1195
춘천,2021년 04월 08일,1796,1294
춘천,2021년 04월 09일,2092,1652
춘천,2021년 04월 10일,2606,2055
춘천,2021년 04월 11일,2297,2067
춘천,2021년 04월 12일,1469,1094
춘천,2021년 04월 13일,1417,1095
춘천,2021년 04월 14일,1666,1209
춘천,2021년 04월 15일,1753,1299
춘천,2021년 04월 16일,1613,1491
춘천,2021년 04월 17일,1645,1693
춘천,2021년 04월 18일,2020,1901
춘천,2021년 04월 19일,1776,1155
춘천,2021년 04월 20일,2296,1253
춘천,2021년 04월 21일,2119,1322
춘천,2021년 04월 22일,2062,1404
춘천,2021년 04월 23일,2230,1639
춘천,2021년 04월 24일,2461,2027
춘천,2021년 04월 25일,2069,2092
춘천,2021년 04월 26일,2061,1317
춘천,2021년 04월 27일,1705,1099
춘천,2021년 04월 28일,1730,1211
춘천,2021년 04월 29일,1838,1365
춘천,2021년 04월 30일,2112,1676
남춘천,2021년 05월 01일,2634,2620
남춘천,2021년 05월 02일,3588,3029
남춘천,2021년 05월 03일,3063,1935
남춘천,2021년 05월 04일,2768,2039
남춘천,2021년 05월 05일,3005,2677
남춘천,2021년 05월 06일,3112,2169
남춘천,2021년 05월 07일,4145,2562
남춘천,2021년 05월 08일,2878,2797
남춘천,2021년 05월 09일,2970,3697
남춘천,2021년 05월 10일,2716,1926
남춘천,2021년 05월 11일,2818,1877
남춘천,2021년 05월 12일,3670,1902
남춘천,2021년 05월 13일,2987,1959
남춘천,2021년 05월 14일,3743,2510
남춘천,2021년 05월 15일,3017,2969
남춘천,2021년 05월 16일,2328,2771
남춘천,2021년 05월 17일,2984,1864
남춘천,2021년 05월 18일,3276,2171
남춘천,2021년 05월 19일,3354,2461
남춘천,2021년 05월 20일,2789,2068
남춘천,2021년 05월 21일,3372,2328
남춘천,2021년 05월 22일,4189,2983
남춘천,2021년 05월 23일,2974,3120
남춘천,2021년 05월 24일,2853,1865
남춘천,2021년 05월 25일,2482,1716
남춘천,2021년 05월 26일,2765,1847
남춘천,2021년 05월 27일,2749,1826
남춘천,2021년 05월 28일,3157,2426
남춘천,2021년 05월 29일,3389,2785
남춘천,2021년 05월 30일,2680,2855
남춘천,2021년 05월 31일,2614,1870
춘천,2021년 05월 01일,1696,1689
춘천,2021년 05월 02일,2335,1866
춘천,2021년 05월 03일,1948,1289
춘천,2021년 05월 04일,1709,1314
춘천,2021년 05월 05일,2538,2161
춘천,2021년 05월 06일,2077,1491
춘천,2021년 05월 07일,2166,1682
춘천,2021년 05월 08일,1936,1637
춘천,2021년 05월 09일,2442,2300
춘천,2021년 05월 10일,1616,1192
춘천,2021년 05월 11일,1809,1144
춘천,2021년 05월 12일,1856,1219
춘천,2021년 05월 13일,1881,1405
춘천,2021년 05월 14일,2373,1720
춘천,2021년 05월 15일,1989,1655
춘천,2021년 05월 16일,1341,1547
춘천,2021년 05월 17일,1551,1189
춘천,2021년 05월 18일,2094,1463
춘천,2021년 05월 19일,3067,2239
춘천,2021년 05월 20일,1678,1399
춘천,2021년 05월 21일,2078,1640
춘천,2021년 05월 22일,2593,2110
춘천,2021년 05월 23일,2283,1982
춘천,2021년 05월 24일,1764,1234
춘천,2021년 05월 25일,1483,1149
춘천,2021년 05월 26일,1780,1205
춘천,2021년 05월 27일,1504,1262
춘천,2021년 05월 28일,1750,1533
춘천,2021년 05월 29일,2369,1916
춘천,2021년 05월 30일,2064,1961
춘천,2021년 05월 31일,1650,1155
남춘천,2021년 06월 01일,2579,1647
남춘천,2021년 06월 02일,3310,1739
남춘천,2021년 06월 03일,2364,1732
남춘천,2021년 06월 04일,3226,2302
남춘천,2021년 06월 05일,3202,2689
남춘천,2021년 06월 06일,2646,2815
남춘천,2021년 06월 07일,3602,1970
남춘천,2021년 06월 08일,2942,1830
남춘천,2021년 06월 09일,2860,1871
남춘천,2021년 06월 10일,3345,2196
남춘천,2021년 06월 11일,3336,2483
남춘천,2021년 06월 12일,3830,2802
남춘천,2021년 06월 13일,2549,2901
남춘천,2021년 06월 14일,2774,1868
남춘천,2021년 06월 15일,2620,1698
남춘천,2021년 06월 16일,3011,1890
남춘천,2021년 06월 17일,4065,2317
남춘천,2021년 06월 18일,3447,2452
남춘천,2021년 06월 19일,3370,2827
남춘천,2021년 06월 20일,2900,3080
남춘천,2021년 06월 21일,2885,1942
남춘천,2021년 06월 22일,3476,1807
남춘천,2021년 06월 23일,2658,1792
남춘천,2021년 06월 24일,2929,1854
남춘천,2021년 06월 25일,3571,2310
남춘천,2021년 06월 26일,2782,2797
남춘천,2021년 06월 27일,3548,2828
남춘천,2021년 06월 28일,2759,1888
남춘천,2021년 06월 29일,2577,1712
남춘천,2021년 06월 30일,2712,1718
춘천,2021년 06월 01일,1534,1097
춘천,2021년 06월 02일,1635,1111
춘천,2021년 06월 03일,1439,1133
춘천,2021년 06월 04일,1874,1541
춘천,2021년 06월 05일,2547,1961
춘천,2021년 06월 06일,2145,2051
춘천,2021년 06월 07일,1701,1117
춘천,2021년 06월 08일,1436,1070
춘천,2021년 06월 09일,1624,1062
춘천,2021년 06월 10일,2006,1328
춘천,2021년 06월 11일,1693,1383
춘천,2021년 06월 12일,2182,1903
춘천,2021년 06월 13일,1967,1887
춘천,2021년 06월 14일,1964,1268
춘천,2021년 06월 15일,2011,1299
춘천,2021년 06월 16일,2074,1335
춘천,2021년 06월 17일,1804,1281
춘천,2021년 06월 18일,1864,1614
춘천,2021년 06월 19일,2553,1980
춘천,2021년 06월 20일,2271,1926
춘천,2021년 06월 21일,1870,1247
춘천,2021년 06월 22일,1618,1216
춘천,2021년 06월 23일,1549,1248
춘천,2021년 06월 24일,1566,1290
춘천,2021년 06월 25일,2033,1543
춘천,2021년 06월 26일,1793,1627
춘천,2021년 06월 27일,2161,2013
춘천,2021년 06월 28일,1593,1095
춘천,2021년 06월 29일,1508,1152
춘천,2021년 06월 30일,1383,1047
남춘천,2021년 07월 01일,2740,1784
남춘천,2021년 07월 02일,3952,2310
남춘천,2021년 07월 03일,2796,2480
남춘천,2021년 07월 04일,2326,2642
남춘천,2021년 07월 05일,2736,1889
남춘천,2021년 07월 06일,2600,1702
남춘천,2021년 07월 07일,3028,1610
남춘천,2021년 07월 08일,2289,1553
남춘천,2021년 07월 09일,2932,2065
남춘천,2021년 07월 10일,2442,1977
남춘천,2021년 07월 11일,2177,2276
남춘천,2021년 07월 12일,2810,1610
남춘천,2021년 07월 13일,2268,1430
남춘천,2021년 07월 14일,2306,1436
남춘천,2021년 07월 15일,2293,1459
남춘천,2021년 07월 16일,2789,1891
남춘천,2021년 07월 17일,3206,1846
남춘천,2021년 07월 18일,2372,2350
남춘천,2021년 07월 19일,2455,1675
남춘천,2021년 07월 20일,2487,1490
남춘천,2021년 07월 21일,2517,1509
남춘천,2021년 07월 22일,2978,1547
남춘천,2021년 07월 23일,2796,1866
남춘천,2021년 07월 24일,2849,1871
남춘천,2021년 07월 25일,2651,2510
남춘천,2021년 07월 26일,2570,1706
남춘천,2021년 07월 27일,3132,1539
남춘천,2021년 07월 28일,2566,1527
남춘천,2021년 07월 29일,2713,1616
남춘천,2021년 07월 30일,2891,1939
남춘천,2021년 07월 31일,2662,1897
춘천,2021년 07월 01일,1486,1163
춘천,2021년 07월 02일,1842,1473
춘천,2021년 07월 03일,1892,1583
춘천,2021년 07월 04일,1322,1555
춘천,2021년 07월 05일,1604,1100
춘천,2021년 07월 06일,1526,1080
춘천,2021년 07월 07일,1307,1005
춘천,2021년 07월 08일,1180,1012
춘천,2021년 07월 09일,1550,1314
춘천,2021년 07월 10일,1371,1170
춘천,2021년 07월 11일,1270,1493
춘천,2021년 07월 12일,1293,974
춘천,2021년 07월 13일,1286,875
춘천,2021년 07월 14일,1247,877
춘천,2021년 07월 15일,1297,912
춘천,2021년 07월 16일,1525,1111
춘천,2021년 07월 17일,1772,1092
춘천,2021년 07월 18일,1706,1528
춘천,2021년 07월 19일,1337,1051
춘천,2021년 07월 20일,1410,941
춘천,2021년 07월 21일,1529,880
춘천,2021년 07월 22일,1418,936
춘천,2021년 07월 23일,1669,1166
춘천,2021년 07월 24일,1748,1144
춘천,2021년 07월 25일,1873,1459
춘천,2021년 07월 26일,1564,938
춘천,2021년 07월 27일,1608,903
춘천,2021년 07월 28일,1558,934
춘천,2021년 07월 29일,1485,971
춘천,2021년 07월 30일,1843,1186
춘천,2021년 07월 31일,1788,1179
남춘천,2021년 08월 01일,2175,2463
남춘천,2021년 08월 02일,2930,1839
남춘천,2021년 08월 03일,2615,1670
남춘천,2021년 08월 04일,2454,1642
남춘천,2021년 08월 05일,2715,1627
남춘천,2021년 08월 06일,2895,1969
남춘천,2021년 08월 07일,3494,2027
남춘천,2021년 08월 08일,2511,2544
남춘천,2021년 08월 09일,2691,1747
남춘천,2021년 08월 10일,2390,1587
남춘천,2021년 08월 11일,2412,1599
남춘천,2021년 08월 12일,3079,1744
남춘천,2021년 08월 13일,2839,2056
남춘천,2021년 08월 14일,2891,2209
남춘천,2021년 08월 15일,2729,2484
남춘천,2021년 08월 16일,3227,2354
남춘천,2021년 08월 17일,3212,1828
남춘천,2021년 08월 18일,2455,1582
남춘천,2021년 08월 19일,2542,1689
남춘천,2021년 08월 20일,2912,2045
남춘천,2021년 08월 21일,2405,2197
남춘천,2021년 08월 22일,3045,2599
남춘천,2021년 08월 23일,2553,1776
남춘천,2021년 08월 24일,2354,1618
남춘천,2021년 08월 25일,2446,1678
남춘천,2021년 08월 26일,2734,1654
남춘천,2021년 08월 27일,3441,2134
남춘천,2021년 08월 28일,3066,2411
남춘천,2021년 08월 29일,2562,2802
남춘천,2021년 08월 30일,2865,1906
남춘천,2021년 08월 31일,2483,1693
춘천,2021년 08월 01일,1729,1648
춘천,2021년 08월 02일,1566,1118
춘천,2021년 08월 03일,1615,1147
춘천,2021년 08월 04일,1571,1114
춘천,2021년 08월 05일,1713,1093
춘천,2021년 08월 06일,1847,1239
춘천,2021년 08월 07일,1991,1338
춘천,2021년 08월 08일,1794,1695
춘천,2021년 08월 09일,1501,1115
춘천,2021년 08월 10일,1506,1018
춘천,2021년 08월 11일,1417,1072
춘천,2021년 08월 12일,1522,1189
춘천,2021년 08월 13일,1670,1342
춘천,2021년 08월 14일,2166,1505
춘천,2021년 08월 15일,2326,1758
춘천,2021년 08월 16일,2423,1611
춘천,2021년 08월 17일,1434,1134
춘천,2021년 08월 18일,1303,1027
춘천,2021년 08월 19일,1600,1127
춘천,2021년 08월 20일,1615,1333
춘천,2021년 08월 21일,1352,1137
춘천,2021년 08월 22일,1757,1515
춘천,2021년 08월 23일,1395,1104
춘천,2021년 08월 24일,1205,984
춘천,2021년 08월 25일,1322,1074
춘천,2021년 08월 26일,1468,1175
춘천,2021년 08월 27일,1447,1335
춘천,2021년 08월 28일,2192,1629
춘천,2021년 08월 29일,1864,1822
춘천,2021년 08월 30일,1799,1167
춘천,2021년 08월 31일,1605,1131
남춘천,2021년 09월 01일,2394,1547
남춘천,2021년 09월 02일,3502,1800
남춘천,2021년 09월 03일,3317,2361
남춘천,2021년 09월 04일,3172,2512
남춘천,2021년 09월 05일,2857,2795
남춘천,2021년 09월 06일,2541,1762
남춘천,2021년 09월 07일,2609,1587
남춘천,2021년 09월 08일,2636,1611
남춘천,2021년 09월 09일,2828,1843
남춘천,2021년 09월 10일,3193,2273
남춘천,2021년 09월 11일,3205,2657
남춘천,2021년 09월 12일,3776,2841
남춘천,2021년 09월 13일,2734,1868
남춘천,2021년 09월 14일,2586,1661
남춘천,2021년 09월 15일,2684,1737
남춘천,2021년 09월 16일,2793,2036
남춘천,2021년 09월 17일,4673,1769
남춘천,2021년 09월 18일,3459,1945
남춘천,2021년 09월 19일,2832,1674
남춘천,2021년 09월 20일,2535,1670
남춘천,2021년 09월 21일,2553,1949
남춘천,2021년 09월 22일,3874,2373
남춘천,2021년 09월 23일,2779,2161
남춘천,2021년 09월 24일,3084,2240
남춘천,2021년 09월 25일,3035,2505
남춘천,2021년 09월 26일,2624,2414
남춘천,2021년 09월 27일,3455,1828
남춘천,2021년 09월 28일,2699,1649
남춘천,2021년 09월 29일,2330,1611
남춘천,2021년 09월 30일,2969,1893
춘천,2021년 09월 01일,1343,969
춘천,2021년 09월 02일,1685,1200
춘천,2021년 09월 03일,2073,1544
춘천,2021년 09월 04일,2425,1799
춘천,2021년 09월 05일,2094,1907
춘천,2021년 09월 06일,1768,1131
춘천,2021년 09월 07일,1437,1021
춘천,2021년 09월 08일,1547,1087
춘천,2021년 09월 09일,1918,1316
춘천,2021년 09월 10일,2099,1576
춘천,2021년 09월 11일,2523,1769
춘천,2021년 09월 12일,2089,1831
춘천,2021년 09월 13일,1739,1217
춘천,2021년 09월 14일,1724,1119
춘천,2021년 09월 15일,1521,1141
춘천,2021년 09월 16일,1772,1355
춘천,2021년 09월 17일,2346,1145
춘천,2021년 09월 18일,2399,1160
춘천,2021년 09월 19일,2214,1104
춘천,2021년 09월 20일,2206,1102
춘천,2021년 09월 21일,2132,1394
춘천,2021년 09월 22일,3033,1350
춘천,2021년 09월 23일,1758,1409
춘천,2021년 09월 24일,1990,1486
춘천,2021년 09월 25일,2394,1677
춘천,2021년 09월 26일,2189,1767
춘천,2021년 09월 27일,1839,1203
춘천,2021년 09월 28일,1677,1109
춘천,2021년 09월 29일,1436,971
춘천,2021년 09월 30일,1900,1306
남춘천,2021년 10월 01일,3377,2373
남춘천,2021년 10월 02일,4354,2738
남춘천,2021년 10월 03일,3064,2499
남춘천,2021년 10월 04일,2860,2588
남춘천,2021년 10월 05일,2621,1824
남춘천,2021년 10월 06일,2535,1744
남춘천,2021년 10월 07일,3254,1892
남춘천,2021년 10월 08일,3466,2416
남춘천,2021년 10월 09일,3791,2857
남춘천,2021년 10월 10일,3119,2710
남춘천,2021년 10월 11일,3326,2834
남춘천,2021년 10월 12일,3755,1969
남춘천,2021년 10월 13일,2913,1798
남춘천,2021년 10월 14일,3128,1898
남춘천,2021년 10월 15일,3391,2289
남춘천,2021년 10월 16일,3610,2804
남춘천,2021년 10월 17일,3815,2929
남춘천,2021년 10월 18일,3136,1931
남춘천,2021년 10월 19일,2707,1835
남춘천,2021년 10월 20일,3219,1896
남춘천,2021년 10월 21일,3581,2152
남춘천,2021년 10월 22일,4824,2415
남춘천,2021년 10월 23일,3954,2894
남춘천,2021년 10월 24일,3652,2871
남춘천,2021년 10월 25일,3493,2087
남춘천,2021년 10월 26일,3607,2012
남춘천,2021년 10월 27일,4571,2135
남춘천,2021년 10월 28일,3965,2147
남춘천,2021년 10월 29일,4407,2489
남춘천,2021년 10월 30일,4170,3000
남춘천,2021년 10월 31일,3747,2909
춘천,2021년 10월 01일,2100,1580
춘천,2021년 10월 02일,2762,1781
춘천,2021년 10월 03일,2591,2096
춘천,2021년 10월 04일,1910,1725
춘천,2021년 10월 05일,1652,1118
춘천,2021년 10월 06일,1463,1022
춘천,2021년 10월 07일,1634,1179
춘천,2021년 10월 08일,2020,1588
춘천,2021년 10월 09일,2826,2125
춘천,2021년 10월 10일,2280,1944
춘천,2021년 10월 11일,2586,2057
춘천,2021년 10월 12일,1859,1272
춘천,2021년 10월 13일,1675,1160
춘천,2021년 10월 14일,2000,1394
춘천,2021년 10월 15일,1952,1516
춘천,2021년 10월 16일,2383,1874
춘천,2021년 10월 17일,2199,1819
춘천,2021년 10월 18일,1887,1217
춘천,2021년 10월 19일,2007,1194
춘천,2021년 10월 20일,1984,1160
춘천,2021년 10월 21일,2117,1400
춘천,2021년 10월 22일,2408,1646
춘천,2021년 10월 23일,3100,1987
춘천,2021년 10월 24일,2949,2029
춘천,2021년 10월 25일,2046,1247
춘천,2021년 10월 26일,2385,1380
춘천,2021년 10월 27일,2071,1258
춘천,2021년 10월 28일,2593,1514
춘천,2021년 10월 29일,2769,1602
춘천,2021년 10월 30일,3391,2112
춘천,2021년 10월 31일,3196,2018
남춘천,2021년 11월 01일,3201,2074
남춘천,2021년 11월 02일,4368,1992
남춘천,2021년 11월 03일,3170,1869
남춘천,2021년 11월 04일,3438,2039
남춘천,2021년 11월 05일,4376,2538
남춘천,2021년 11월 06일,4361,3284
남춘천,2021년 11월 07일,4585,3102
남춘천,2021년 11월 08일,2652,2098
남춘천,2021년 11월 09일,2587,1831
남춘천,2021년 11월 10일,2798,1942
남춘천,2021년 11월 11일,3112,2130
남춘천,2021년 11월 12일,4512,2613
남춘천,2021년 11월 13일,3991,3191
남춘천,2021년 11월 14일,3413,3263
남춘천,2021년 11월 15일,2994,2081
남춘천,2021년 11월 16일,2936,1962
남춘천,2021년 11월 17일,3740,2045
남춘천,2021년 11월 18일,3042,2045
남춘천,2021년 11월 19일,3886,2619
남춘천,2021년 11월 20일,3823,3331
남춘천,2021년 11월 21일,3161,3343
남춘천,2021년 11월 22일,3433,2003
남춘천,2021년 11월 23일,2725,1841
남춘천,2021년 11월 24일,2642,1988
남춘천,2021년 11월 25일,3084,2208
남춘천,2021년 11월 26일,3986,2722
남춘천,2021년 11월 27일,4396,3441
남춘천,2021년 11월 28일,3033,3204
남춘천,2021년 11월 29일,2788,2037
남춘천,2021년 11월 30일,2255,1840
춘천,2021년 11월 01일,2197,1393
춘천,2021년 11월 02일,2135,1274
춘천,2021년 11월 03일,2033,1252
춘천,2021년 11월 04일,2360,1494
춘천,2021년 11월 05일,2662,1702
춘천,2021년 11월 06일,3467,2272
춘천,2021년 11월 07일,2978,2148
춘천,2021년 11월 08일,1629,1222
춘천,2021년 11월 09일,1571,1132
춘천,2021년 11월 10일,1636,1244
춘천,2021년 11월 11일,1824,1514
춘천,2021년 11월 12일,2272,1617
춘천,2021년 11월 13일,2380,2142
춘천,2021년 11월 14일,2208,2169
춘천,2021년 11월 15일,1971,1344
춘천,2021년 11월 16일,1948,1278
춘천,2021년 11월 17일,1780,1268
춘천,2021년 11월 18일,1847,1418
춘천,2021년 11월 19일,2380,1766
춘천,2021년 11월 20일,2282,2139
춘천,2021년 11월 21일,1961,2199
춘천,2021년 11월 22일,1743,1322
춘천,2021년 11월 23일,1537,1208
춘천,2021년 11월 24일,1508,1226
춘천,2021년 11월 25일,1718,1403
춘천,2021년 11월 26일,2156,1701
춘천,2021년 11월 27일,2107,2120
춘천,2021년 11월 28일,1818,1998
춘천,2021년 11월 29일,1799,1281
춘천,2021년 11월 30일,1439,1102
남춘천,2021년 12월 01일,2678,1842
남춘천,2021년 12월 02일,3218,1953
남춘천,2021년 12월 03일,3409,2582
남춘천,2021년 12월 04일,2789,2844
남춘천,2021년 12월 05일,2601,2884
남춘천,2021년 12월 06일,2750,1889
남춘천,2021년 12월 07일,3217,1739
남춘천,2021년 12월 08일,2705,1783
남춘천,2021년 12월 09일,3031,2113
남춘천,2021년 12월 10일,3250,2482
남춘천,2021년 12월 11일,2776,2533
남춘천,2021년 12월 12일,2984,2787
남춘천,2021년 12월 13일,2892,2073
남춘천,2021년 12월 14일,2711,1892
남춘천,2021년 12월 15일,2657,1964
남춘천,2021년 12월 16일,2837,1959
남춘천,2021년 12월 17일,3638,2542
남춘천,2021년 12월 18일,2549,2739
남춘천,2021년 12월 19일,2544,2841
남춘천,2021년 12월 20일,2748,2028
남춘천,2021년 12월 21일,2718,1893
남춘천,2021년 12월 22일,3333,2050
남춘천,2021년 12월 23일,2730,2046
남춘천,2021년 12월 24일,3245,2605
남춘천,2021년 12월 25일,2634,2295
남춘천,2021년 12월 26일,2217,2916
남춘천,2021년 12월 27일,2790,2062
남춘천,2021년 12월 28일,2461,1856
남춘천,2021년 12월 29일,2629,1949
남춘천,2021년 12월 30일,2636,1984
남춘천,2021년 12월 31일,3231,2431
춘천,2021년 12월 01일,1479,1098
춘천,2021년 12월 02일,1645,1209
춘천,2021년 12월 03일,1886,1571
춘천,2021년 12월 04일,1686,1598
춘천,2021년 12월 05일,1520,1655
춘천,2021년 12월 06일,1644,1172
춘천,2021년 12월 07일,1544,1087
춘천,2021년 12월 08일,1479,1092
춘천,2021년 12월 09일,1753,1186
춘천,2021년 12월 10일,1799,1495
춘천,2021년 12월 11일,1643,1657
춘천,2021년 12월 12일,1431,1674
춘천,2021년 12월 13일,1508,1130
춘천,2021년 12월 14일,1564,1095
춘천,2021년 12월 15일,1300,1028
춘천,2021년 12월 16일,1370,1163
춘천,2021년 12월 17일,1570,1442
춘천,2021년 12월 18일,1236,1461
춘천,2021년 12월 19일,1345,1544
춘천,2021년 12월 20일,1751,1196
춘천,2021년 12월 21일,1819,1181
춘천,2021년 12월 22일,1717,1179
춘천,2021년 12월 23일,1504,1263
춘천,2021년 12월 24일,1731,1553
춘천,2021년 12월 25일,1362,1370
춘천,2021년 12월 26일,1162,1590
춘천,2021년 12월 27일,1234,1123
춘천,2021년 12월 28일,1311,1083
춘천,2021년 12월 29일,1438,1131
춘천,2021년 12월 30일,1336,1187
춘천,2021년 12월 31일,1561,1342
남춘천,2022년 01월 01일,2050,1990
남춘천,2022년 01월 02일,2879,3237
남춘천,2022년 01월 03일,2356,1831
남춘천,2022년 01월 04일,2315,1701
남춘천,2022년 01월 05일,2420,1769
남춘천,2022년 01월 06일,2606,1789
남춘천,2022년 01월 07일,3803,2304
남춘천,2022년 01월 08일,2868,2580
남춘천,2022년 01월 09일,2363,2732
남춘천,2022년 01월 10일,2530,1928
남춘천,2022년 01월 11일,2444,1844
남춘천,2022년 01월 12일,2612,1879
남춘천,2022년 01월 13일,2356,1789
남춘천,2022년 01월 14일,2944,2336
남춘천,2022년 01월 15일,2962,2772
남춘천,2022년 01월 16일,2550,2822
남춘천,2022년 01월 17일,2992,1949
남춘천,2022년 01월 18일,2459,1797
남춘천,2022년 01월 19일,2677,1987
남춘천,2022년 01월 20일,2742,1985
남춘천,2022년 01월 21일,2948,2375
남춘천,2022년 01월 22일,3721,2780
남춘천,2022년 01월 23일,2498,2708
남춘천,2022년 01월 24일,2630,1902
남춘천,2022년 01월 25일,2531,1811
남춘천,2022년 01월 26일,2498,1956
남춘천,2022년 01월 27일,3217,2010
남춘천,2022년 01월 28일,3223,1766
남춘천,2022년 01월 29일,2694,1800
남춘천,2022년 01월 30일,2249,1513
남춘천,2022년 01월 31일,2001,1597
춘천,2022년 01월 01일,1256,1167
춘천,2022년 01월 02일,1463,1825
춘천,2022년 01월 03일,1158,1095
춘천,2022년 01월 04일,1214,1028
춘천,2022년 01월 05일,1150,959
춘천,2022년 01월 06일,1281,1055
춘천,2022년 01월 07일,1515,1378
춘천,2022년 01월 08일,1615,1374
춘천,2022년 01월 09일,1337,1578
춘천,2022년 01월 10일,1330,1136
춘천,2022년 01월 11일,1311,1084
춘천,2022년 01월 12일,1120,1053
춘천,2022년 01월 13일,1240,1172
춘천,2022년 01월 14일,1588,1340
춘천,2022년 01월 15일,1653,1568
춘천,2022년 01월 16일,1487,1611
춘천,2022년 01월 17일,1330,1102
춘천,2022년 01월 18일,1262,1104
춘천,2022년 01월 19일,1408,1114
춘천,2022년 01월 20일,1308,1148
춘천,2022년 01월 21일,1576,1412
춘천,2022년 01월 22일,1506,1395
춘천,2022년 01월 23일,1650,1532
춘천,2022년 01월 24일,1366,1098
춘천,2022년 01월 25일,1270,1007
춘천,2022년 01월 26일,1272,1136
춘천,2022년 01월 27일,1216,1141
춘천,2022년 01월 28일,1559,918
춘천,2022년 01월 29일,1422,900
춘천,2022년 01월 30일,1227,867
춘천,2022년 01월 31일,1363,893
남춘천,2022년 02월 01일,2464,2080
남춘천,2022년 02월 02일,2977,2312
남춘천,2022년 02월 03일,2397,1965
남춘천,2022년 02월 04일,2589,1997
남춘천,2022년 02월 05일,2251,2012
남춘천,2022년 02월 06일,2029,2000
남춘천,2022년 02월 07일,2800,1834
남춘천,2022년 02월 08일,2360,1657
남춘천,2022년 02월 09일,2426,1701
남춘천,2022년 02월 10일,2466,1728
남춘천,2022년 02월 11일,2858,2163
남춘천,2022년 02월 12일,3550,2415
남춘천,2022년 02월 13일,2426,2422
남춘천,2022년 02월 14일,2490,1845
남춘천,2022년 02월 15일,2357,1722
남춘천,2022년 02월 16일,2254,1648
남춘천,2022년 02월 17일,2706,1708
남춘천,2022년 02월 18일,2772,2214
남춘천,2022년 02월 19일,2681,2283
남춘천,2022년 02월 20일,2286,2336
남춘천,2022년 02월 21일,2472,1924
남춘천,2022년 02월 22일,2885,1843
남춘천,2022년 02월 23일,2345,1767
남춘천,2022년 02월 24일,2415,1774
남춘천,2022년 02월 25일,2795,2237
남춘천,2022년 02월 26일,2666,2389
남춘천,2022년 02월 27일,3146,2271
남춘천,2022년 02월 28일,2657,2069
춘천,2022년 02월 01일,1971,1315
춘천,2022년 02월 02일,2189,1312
춘천,2022년 02월 03일,1174,1144
춘천,2022년 02월 04일,1187,1268
춘천,2022년 02월 05일,1137,1204
춘천,2022년 02월 06일,1053,1187
춘천,2022년 02월 07일,1122,951
춘천,2022년 02월 08일,1157,959
춘천,2022년 02월 09일,1226,1013
춘천,2022년 02월 10일,1250,1005
춘천,2022년 02월 11일,1382,1306
춘천,2022년 02월 12일,1643,1345
춘천,2022년 02월 13일,1359,1427
춘천,2022년 02월 14일,1205,1084
춘천,2022년 02월 15일,1167,968
춘천,2022년 02월 16일,1121,1008
춘천,2022년 02월 17일,1152,975
춘천,2022년 02월 18일,1368,1259
춘천,2022년 02월 19일,1398,1308
춘천,2022년 02월 20일,1206,1333
춘천,2022년 02월 21일,1261,1054
춘천,2022년 02월 22일,1227,997
춘천,2022년 02월 23일,1269,1084
춘천,2022년 02월 24일,1258,1052
춘천,2022년 02월 25일,1514,1340
춘천,2022년 02월 26일,1466,1273
춘천,2022년 02월 27일,1449,1446
춘천,2022년 02월 28일,1761,1432
남춘천,2022년 03월 01일,2302,1901
남춘천,2022년 03월 02일,3275,1775
남춘천,2022년 03월 03일,3126,1990
남춘천,2022년 03월 04일,3478,2627
남춘천,2022년 03월 05일,2624,2135
남춘천,2022년 03월 06일,2342,2188
남춘천,2022년 03월 07일,3357,1929
남춘천,2022년 03월 08일,3142,2118
남춘천,2022년 03월 09일,2388,1547
남춘천,2022년 03월 10일,3080,2196
남춘천,2022년 03월 11일,3601,2586
남춘천,2022년 03월 12일,3366,2201
남춘천,2022년 03월 13일,2155,2136
남춘천,2022년 03월 14일,2702,1821
남춘천,2022년 03월 15일,2632,1729
남춘천,2022년 03월 16일,2724,1791
남춘천,2022년 03월 17일,3417,2062
남춘천,2022년 03월 18일,3270,2593
남춘천,2022년 03월 19일,2470,2272
남춘천,2022년 03월 20일,2471,2270
남춘천,2022년 03월 21일,2655,1855
남춘천,2022년 03월 22일,3123,1813
남춘천,2022년 03월 23일,2487,1822
남춘천,2022년 03월 24일,2855,2039
남춘천,2022년 03월 25일,3477,2651
남춘천,2022년 03월 26일,2678,2558
남춘천,2022년 03월 27일,3489,2578
남춘천,2022년 03월 28일,3045,1995
남춘천,2022년 03월 29일,2823,1827
남춘천,2022년 03월 30일,2723,1885
남춘천,2022년 03월 31일,3036,2212
춘천,2022년 03월 01일,1434,1200
춘천,2022년 03월 02일,1506,1077
춘천,2022년 03월 03일,1740,1152
춘천,2022년 03월 04일,1775,1465
춘천,2022년 03월 05일,1465,1141
춘천,2022년 03월 06일,1375,1302
춘천,2022년 03월 07일,1559,1035
춘천,2022년 03월 08일,1854,1213
춘천,2022년 03월 09일,1576,1197
춘천,2022년 03월 10일,1702,1158
춘천,2022년 03월 11일,1873,1408
춘천,2022년 03월 12일,1753,1391
춘천,2022년 03월 13일,1047,1167
춘천,2022년 03월 14일,1478,1001
춘천,2022년 03월 15일,1570,948
춘천,2022년 03월 16일,1545,960
춘천,2022년 03월 17일,1720,1139
춘천,2022년 03월 18일,1691,1442
춘천,2022년 03월 19일,1214,1107
춘천,2022년 03월 20일,1370,1364
춘천,2022년 03월 21일,1482,1001
춘천,2022년 03월 22일,1590,1047
춘천,2022년 03월 23일,1432,1025
춘천,2022년 03월 24일,1662,1206
춘천,2022년 03월 25일,1883,1535
춘천,2022년 03월 26일,1444,1361
춘천,2022년 03월 27일,1794,1537
춘천,2022년 03월 28일,1674,1066
춘천,2022년 03월 29일,1679,1060
춘천,2022년 03월 30일,1570,1053
춘천,2022년 03월 31일,1828,1228
남춘천,2022년 04월 01일,3789,2848
남춘천,2022년 04월 02일,4187,2916
남춘천,2022년 04월 03일,2869,2744
남춘천,2022년 04월 04일,2959,2008
남춘천,2022년 04월 05일,2861,1925
남춘천,2022년 04월 06일,2853,1913
남춘천,2022년 04월 07일,4012,2220
남춘천,2022년 04월 08일,3966,2844
남춘천,2022년 04월 09일,3836,3158
남춘천,2022년 04월 10일,3229,3151
남춘천,2022년 04월 11일,3327,2243
남춘천,2022년 04월 12일,3672,2080
남춘천,2022년 04월 13일,2830,1950
남춘천,2022년 04월 14일,3279,2267
남춘천,2022년 04월 15일,3975,2867
남춘천,2022년 04월 16일,3795,3106
남춘천,2022년 04월 17일,4273,3155
남춘천,2022년 04월 18일,3312,2244
남춘천,2022년 04월 19일,3068,2026
남춘천,2022년 04월 20일,3315,2118
남춘천,2022년 04월 21일,3577,2369
남춘천,2022년 04월 22일,4569,2978
남춘천,2022년 04월 23일,4040,3230
남춘천,2022년 04월 24일,3173,3025
남춘천,2022년 04월 25일,3416,2390
남춘천,2022년 04월 26일,3071,2142
남춘천,2022년 04월 27일,4546,2279
남춘천,2022년 04월 28일,3804,2643
남춘천,2022년 04월 29일,4943,3246
남춘천,2022년 04월 30일,4713,3748
춘천,2022년 04월 01일,1972,1533
춘천,2022년 04월 02일,2218,1820
춘천,2022년 04월 03일,1918,1901
춘천,2022년 04월 04일,1668,1087
춘천,2022년 04월 05일,1787,1112
춘천,2022년 04월 06일,1778,1083
춘천,2022년 04월 07일,1905,1296
춘천,2022년 04월 08일,2212,1642
춘천,2022년 04월 09일,2501,2145
춘천,2022년 04월 10일,2416,2192
춘천,2022년 04월 11일,1922,1327
춘천,2022년 04월 12일,1834,1252
춘천,2022년 04월 13일,1495,1125
춘천,2022년 04월 14일,1844,1295
춘천,2022년 04월 15일,2226,1604
춘천,2022년 04월 16일,3022,2438
춘천,2022년 04월 17일,2554,2394
춘천,2022년 04월 18일,1986,1319
춘천,2022년 04월 19일,2324,1370
춘천,2022년 04월 20일,2139,1322
춘천,2022년 04월 21일,2084,1392
춘천,2022년 04월 22일,2441,1875
춘천,2022년 04월 23일,3062,2693
춘천,2022년 04월 24일,2750,2571
춘천,2022년 04월 25일,2045,1394
춘천,2022년 04월 26일,1959,1193
춘천,2022년 04월 27일,2094,1349
춘천,2022년 04월 28일,2316,1424
춘천,2022년 04월 29일,2678,1912
춘천,2022년 04월 30일,3077,2456
남춘천,2022년 05월 01일,3956,3314
남춘천,2022년 05월 02일,4103,2387
남춘천,2022년 05월 03일,3355,2289
남춘천,2022년 05월 04일,4590,2945
남춘천,2022년 05월 05일,4459,3358
남춘천,2022년 05월 06일,5665,3011
남춘천,2022년 05월 07일,5230,3644
남춘천,2022년 05월 08일,3855,4205
남춘천,2022년 05월 09일,3593,2551
남춘천,2022년 05월 10일,3297,2332
남춘천,2022년 05월 11일,3445,2475
남춘천,2022년 05월 12일,4853,2669
남춘천,2022년 05월 13일,4912,3131
남춘천,2022년 05월 14일,5278,3873
남춘천,2022년 05월 15일,4041,3391
남춘천,2022년 05월 16일,3580,2400
남춘천,2022년 05월 17일,4463,2435
남춘천,2022년 05월 18일,3317,2205
남춘천,2022년 05월 19일,4058,2597
남춘천,2022년 05월 20일,5202,3237
남춘천,2022년 05월 21일,5239,3815
남춘천,2022년 05월 22일,4880,3553
남춘천,2022년 05월 23일,3826,2445
남춘천,2022년 05월 24일,3514,2287
남춘천,2022년 05월 25일,3384,2350
남춘천,2022년 05월 26일,4092,2645
남춘천,2022년 05월 27일,6046,3196
남춘천,2022년 05월 28일,4995,3751
남춘천,2022년 05월 29일,3817,3507
남춘천,2022년 05월 30일,3433,2311
남춘천,2022년 05월 31일,4161,2599
춘천,2022년 05월 01일,3034,2767
춘천,2022년 05월 02일,2141,1570
춘천,2022년 05월 03일,2148,1405
춘천,2022년 05월 04일,2680,1792
춘천,2022년 05월 05일,3947,2920
춘천,2022년 05월 06일,3368,2464
춘천,2022년 05월 07일,3110,2802
춘천,2022년 05월 08일,2739,2820
춘천,2022년 05월 09일,2169,1559
춘천,2022년 05월 10일,2210,1487
춘천,2022년 05월 11일,2155,1521
춘천,2022년 05월 12일,2443,1573
춘천,2022년 05월 13일,2831,1985
춘천,2022년 05월 14일,3683,2747
춘천,2022년 05월 15일,3053,2682
춘천,2022년 05월 16일,2232,1657
춘천,2022년 05월 17일,2483,1497
춘천,2022년 05월 18일,2193,1544
춘천,2022년 05월 19일,2594,1738
춘천,2022년 05월 20일,2793,2133
춘천,2022년 05월 21일,3712,2745
춘천,2022년 05월 22일,2876,2706
춘천,2022년 05월 23일,2217,1593
춘천,2022년 05월 24일,2392,1507
춘천,2022년 05월 25일,2165,1669
춘천,2022년 05월 26일,2414,1567
춘천,2022년 05월 27일,2790,1949
춘천,2022년 05월 28일,3501,2651
춘천,2022년 05월 29일,2842,2525
춘천,2022년 05월 30일,1947,1569
춘천,2022년 05월 31일,2642,1709
남춘천,2022년 06월 01일,3632,2482
남춘천,2022년 06월 02일,4533,2681
남춘천,2022년 06월 03일,4721,3163
남춘천,2022년 06월 04일,4759,3462
남춘천,2022년 06월 05일,3810,2989
남춘천,2022년 06월 06일,3541,3297
남춘천,2022년 06월 07일,4260,2459
남춘천,2022년 06월 08일,3388,2317
남춘천,2022년 06월 09일,3573,2449
남춘천,2022년 06월 10일,4322,2944
남춘천,2022년 06월 11일,4272,3424
남춘천,2022년 06월 12일,4520,3334
남춘천,2022년 06월 13일,3763,2469
남춘천,2022년 06월 14일,3293,2231
남춘천,2022년 06월 15일,3310,2245
남춘천,2022년 06월 16일,3563,2405
남춘천,2022년 06월 17일,5347,2978
남춘천,2022년 06월 18일,4630,3710
남춘천,2022년 06월 19일,3517,3410
남춘천,2022년 06월 20일,3798,2492
남춘천,2022년 06월 21일,4065,2647
남춘천,2022년 06월 22일,4302,2554
남춘천,2022년 06월 23일,3129,2194
남춘천,2022년 06월 24일,4246,2796
남춘천,2022년 06월 25일,4716,3681
남춘천,2022년 06월 26일,3545,3268
남춘천,2022년 06월 27일,3581,2270
남춘천,2022년 06월 28일,3030,2109
남춘천,2022년 06월 29일,2881,1990
남춘천,2022년 06월 30일,2587,2124
춘천,2022년 06월 01일,2924,2433
춘천,2022년 06월 02일,2197,1679
춘천,2022년 06월 03일,2650,1830
춘천,2022년 06월 04일,3573,2648
춘천,2022년 06월 05일,3571,2996
춘천,2022년 06월 06일,2714,2664
춘천,2022년 06월 07일,2192,1534
춘천,2022년 06월 08일,2008,1434
춘천,2022년 06월 09일,1830,1431
춘천,2022년 06월 10일,2299,1827
춘천,2022년 06월 11일,2963,2590
춘천,2022년 06월 12일,2880,2553
춘천,2022년 06월 13일,2337,1597
춘천,2022년 06월 14일,2656,1551
춘천,2022년 06월 15일,2086,1448
춘천,2022년 06월 16일,2223,1586
춘천,2022년 06월 17일,2628,1967
춘천,2022년 06월 18일,3100,2496
춘천,2022년 06월 19일,2693,2398
춘천,2022년 06월 20일,2030,1564
춘천,2022년 06월 21일,1942,1434
춘천,2022년 06월 22일,1853,1478
춘천,2022년 06월 23일,1561,1332
춘천,2022년 06월 24일,2205,1699
춘천,2022년 06월 25일,2988,2431
춘천,2022년 06월 26일,2314,2472
춘천,2022년 06월 27일,1679,1470
춘천,2022년 06월 28일,1442,1208
춘천,2022년 06월 29일,1432,1208
춘천,2022년 06월 30일,1277,1154
남춘천,2022년 07월 01일,3889,2648
남춘천,2022년 07월 02일,5221,3551
남춘천,2022년 07월 03일,3659,3445
남춘천,2022년 07월 04일,3186,2276
남춘천,2022년 07월 05일,3117,2026
남춘천,2022년 07월 06일,3061,2001
남춘천,2022년 07월 07일,3477,2072
남춘천,2022년 07월 08일,3736,2687
남춘천,2022년 07월 09일,4290,3402
남춘천,2022년 07월 10일,3660,3363
남춘천,2022년 07월 11일,3188,2190
남춘천,2022년 07월 12일,3802,2195
남춘천,2022년 07월 13일,2686,2143
남춘천,2022년 07월 14일,2992,2092
남춘천,2022년 07월 15일,3905,2624
남춘천,2022년 07월 16일,3998,3344
남춘천,2022년 07월 17일,4001,3269
남춘천,2022년 07월 18일,3050,2230
남춘천,2022년 07월 19일,2956,2070
남춘천,2022년 07월 20일,3183,2122
남춘천,2022년 07월 21일,3122,2139
남춘천,2022년 07월 22일,4415,2543
남춘천,2022년 07월 23일,3679,3250
남춘천,2022년 07월 24일,3152,3203
남춘천,2022년 07월 25일,3375,2224
남춘천,2022년 07월 26일,3243,2227
남춘천,2022년 07월 27일,3894,2305
남춘천,2022년 07월 28일,3474,2175
남춘천,2022년 07월 29일,4144,2610
남춘천,2022년 07월 30일,3997,3147
남춘천,2022년 07월 31일,3322,3211
춘천,2022년 07월 01일,2063,1628
춘천,2022년 07월 02일,2646,2222
춘천,2022년 07월 03일,2517,2331
춘천,2022년 07월 04일,1835,1344
춘천,2022년 07월 05일,1689,1228
춘천,2022년 07월 06일,1524,1249
춘천,2022년 07월 07일,1542,1253
춘천,2022년 07월 08일,1944,1586
춘천,2022년 07월 09일,2782,2135
춘천,2022년 07월 10일,2653,2330
춘천,2022년 07월 11일,1648,1448
춘천,2022년 07월 12일,1741,1279
춘천,2022년 07월 13일,1342,1286
춘천,2022년 07월 14일,1613,1295
춘천,2022년 07월 15일,2073,1714
춘천,2022년 07월 16일,2384,1970
춘천,2022년 07월 17일,2402,2216
춘천,2022년 07월 18일,1723,1508
춘천,2022년 07월 19일,1706,1282
춘천,2022년 07월 20일,1713,1404
춘천,2022년 07월 21일,1624,1444
춘천,2022년 07월 22일,2081,1698
춘천,2022년 07월 23일,2356,2106
춘천,2022년 07월 24일,1997,2121
춘천,2022년 07월 25일,1841,1537
춘천,2022년 07월 26일,1928,1435
춘천,2022년 07월 27일,1812,1555
춘천,2022년 07월 28일,2088,1629
춘천,2022년 07월 29일,2274,1721
춘천,2022년 07월 30일,2570,2047
춘천,2022년 07월 31일,2349,2474
남춘천,2022년 08월 01일,3155,2326
남춘천,2022년 08월 02일,3605,2218
남춘천,2022년 08월 03일,2952,2197
남춘천,2022년 08월 04일,3240,2231
남춘천,2022년 08월 05일,3629,2541
남춘천,2022년 08월 06일,3767,3064
남춘천,2022년 08월 07일,3994,3188
남춘천,2022년 08월 08일,2796,2188
남춘천,2022년 08월 09일,2441,1912
남춘천,2022년 08월 10일,2657,2069
남춘천,2022년 08월 11일,2783,2122
남춘천,2022년 08월 12일,4661,2646
남춘천,2022년 08월 13일,3790,3105
남춘천,2022년 08월 14일,3317,2966
남춘천,2022년 08월 15일,3259,3346
남춘천,2022년 08월 16일,3062,2412
남춘천,2022년 08월 17일,3708,2144
남춘천,2022년 08월 18일,3065,2209
남춘천,2022년 08월 19일,3595,2497
남춘천,2022년 08월 20일,3768,3139
남춘천,2022년 08월 21일,3330,3170
남춘천,2022년 08월 22일,3816,2208
남춘천,2022년 08월 23일,3081,2110
남춘천,2022년 08월 24일,3123,2127
남춘천,2022년 08월 25일,3118,2112
남춘천,2022년 08월 26일,3894,2603
남춘천,2022년 08월 27일,5273,3407
남춘천,2022년 08월 28일,3754,3250
남춘천,2022년 08월 29일,3332,2318
남춘천,2022년 08월 30일,2845,2150
남춘천,2022년 08월 31일,3363,2190
춘천,2022년 08월 01일,1927,1656
춘천,2022년 08월 02일,1776,1595
춘천,2022년 08월 03일,1615,1506
춘천,2022년 08월 04일,2019,1550
춘천,2022년 08월 05일,2215,1824
춘천,2022년 08월 06일,2435,2152
춘천,2022년 08월 07일,2185,2142
춘천,2022년 08월 08일,1378,1353
춘천,2022년 08월 09일,1253,1287
춘천,2022년 08월 10일,1631,1309
춘천,2022년 08월 11일,1789,1304
춘천,2022년 08월 12일,2820,1758
춘천,2022년 08월 13일,2420,2066
춘천,2022년 08월 14일,2580,2372
춘천,2022년 08월 15일,2373,2363
춘천,2022년 08월 16일,1802,1448
춘천,2022년 08월 17일,1672,1456
춘천,2022년 08월 18일,1916,1460
춘천,2022년 08월 19일,1829,1653
춘천,2022년 08월 20일,2375,2075
춘천,2022년 08월 21일,2405,2207
춘천,2022년 08월 22일,1741,1492
춘천,2022년 08월 23일,1663,1299
춘천,2022년 08월 24일,1700,1407
춘천,2022년 08월 25일,1769,1439
춘천,2022년 08월 26일,2065,1810
춘천,2022년 08월 27일,3149,2190
춘천,2022년 08월 28일,2605,2687
춘천,2022년 08월 29일,2272,1577
춘천,2022년 08월 30일,2066,1489
춘천,2022년 08월 31일,2141,1466
남춘천,2022년 09월 01일,4613,2627
남춘천,2022년 09월 02일,6774,3079
남춘천,2022년 09월 03일,5798,3607
남춘천,2022년 09월 04일,3617,3062
남춘천,2022년 09월 05일,3270,2181
남춘천,2022년 09월 06일,3031,1885
남춘천,2022년 09월 07일,4326,2413
남춘천,2022년 09월 08일,7046,3435
남춘천,2022년 09월 09일,4694,3107
남춘천,2022년 09월 10일,3482,3428
남춘천,2022년 09월 11일,4296,4058
남춘천,2022년 09월 12일,5435,4368
남춘천,2022년 09월 13일,3991,2558
남춘천,2022년 09월 14일,3720,2337
남춘천,2022년 09월 15일,4453,2608
남춘천,2022년 09월 16일,5732,3114
남춘천,2022년 09월 17일,6674,3898
남춘천,2022년 09월 18일,4352,3215
남춘천,2022년 09월 19일,4018,2447
남춘천,2022년 09월 20일,3938,2259
남춘천,2022년 09월 21일,4146,2434
남춘천,2022년 09월 22일,5452,2693
남춘천,2022년 09월 23일,6153,3311
남춘천,2022년 09월 24일,6044,3907
남춘천,2022년 09월 25일,4613,3402
남춘천,2022년 09월 26일,4352,2565
남춘천,2022년 09월 27일,5164,2334
남춘천,2022년 09월 28일,4121,2328
남춘천,2022년 09월 29일,4716,2721
남춘천,2022년 09월 30일,6056,3264
춘천,2022년 09월 01일,3156,1739
춘천,2022년 09월 02일,3213,1991
춘천,2022년 09월 03일,3402,2431
춘천,2022년 09월 04일,2150,2024
춘천,2022년 09월 05일,2001,1186
춘천,2022년 09월 06일,2065,1091
춘천,2022년 09월 07일,2448,1446
춘천,2022년 09월 08일,4477,2112
춘천,2022년 09월 09일,3060,1854
춘천,2022년 09월 10일,3116,2680
춘천,2022년 09월 11일,3677,3058
춘천,2022년 09월 12일,4088,2847
춘천,2022년 09월 13일,2814,1775
춘천,2022년 09월 14일,2480,1468
춘천,2022년 09월 15일,2979,1668
춘천,2022년 09월 16일,3138,2015
춘천,2022년 09월 17일,3285,2535
춘천,2022년 09월 18일,3094,2456
춘천,2022년 09월 19일,2687,1648
춘천,2022년 09월 20일,2778,1538
춘천,2022년 09월 21일,2675,1554
춘천,2022년 09월 22일,3044,1811
춘천,2022년 09월 23일,3547,2180
춘천,2022년 09월 24일,3997,2801
춘천,2022년 09월 25일,3376,2669
춘천,2022년 09월 26일,2726,1633
춘천,2022년 09월 27일,2911,1538
춘천,2022년 09월 28일,2680,1543
춘천,2022년 09월 29일,3085,1808
춘천,2022년 09월 30일,3550,2152
남춘천,2022년 10월 01일,6427,3725
남춘천,2022년 10월 02일,5974,3207
남춘천,2022년 10월 03일,4331,3397
남춘천,2022년 10월 04일,3839,2331
남춘천,2022년 10월 05일,3855,2383
남춘천,2022년 10월 06일,4529,2633
남춘천,2022년 10월 07일,6722,3297
남춘천,2022년 10월 08일,6472,4216
남춘천,2022년 10월 09일,4232,3267
남춘천,2022년 10월 10일,4288,3450
남춘천,2022년 10월 11일,4159,2456
남춘천,2022년 10월 12일,4672,2280
남춘천,2022년 10월 13일,4755,2653
남춘천,2022년 10월 14일,5194,3028
남춘천,2022년 10월 15일,5961,3733
남춘천,2022년 10월 16일,4672,3559
남춘천,2022년 10월 17일,5113,2481
춘천,2022년 10월 01일,4524,2792
춘천,2022년 10월 02일,3571,2839
춘천,2022년 10월 03일,2436,2550
춘천,2022년 10월 04일,2567,1607
춘천,2022년 10월 05일,2438,1452
춘천,2022년 10월 06일,3141,1848
춘천,2022년 10월 07일,3188,2093
춘천,2022년 10월 08일,4892,2925
춘천,2022년 10월 09일,2921,2859
춘천,2022년 10월 10일,3230,2656
춘천,2022년 10월 11일,3022,1835
춘천,2022년 10월 12일,2673,1541
춘천,2022년 10월 13일,3240,1758
춘천,2022년 10월 14일,3028,2096
춘천,2022년 10월 15일,4087,2592
춘천,2022년 10월 16일,3443,2823
춘천,2022년 10월 17일,2800,1684
